0,breastfeeding_0,breastfeeding_1
,breastfeeding,Information regarding the use of Andre I-Kul Eye Drop during breastfeeding is not available. Please consult your doctor.
,breastfeeding,Atonide Gel is probably safe to use during breastfeeding. Limited human data suggests that the drug does not represent any significant risk to the baby.
,breastfeeding,Afogatran 150 Capsule is probably unsafe to use during breastfeeding. Limited human data suggests that the drug may pass into the breastmilk and harm the baby.
,breastfeeding,Information regarding the use of Actapro Tablet during breastfeeding is not available. Please consult your doctor.
,breastfeeding,Arip MT 5 Tablet is probably unsafe to use during breastfeeding. Limited human data suggests that the drug may pass into the breastmilk and harm the baby.
,breastfeeding,Information regarding the use of Acemiz -MR Tablet during breastfeeding is not available. Please consult your doctor.
,breastfeeding,Amphotin Lip 50mg Injection is probably unsafe to use during breastfeeding. Limited human data suggests that the drug may pass into the breastmilk and harm the baby.
,breastfeeding,Information regarding the use of Afoglip M  1000 Tablet ER during breastfeeding is not available. Please consult your doctor.
,breastfeeding,Acnicort Gel is safe to use during breastfeeding. Human studies suggest that the drug does not pass into the breastmilk in a significant amount and is not harmful to the baby.
,breastfeeding,Apriglim-M 2 Tablet PR is probably safe to use during breastfeeding. Limited human data suggests that the drug does not represent any significant risk to the baby.
,breastfeeding,Azilin 500mg Tablet is safe to use during breastfeeding. Human studies suggest that the drug does not pass into the breastmilk in a significant amount and is not harmful to the baby.<BR>There may be a possibility of diarrhea or rash in the baby.
,breastfeeding,Aztel Trio 40mg/5mg/12.5mg Tablet is probably safe to use during breastfeeding. Limited human data suggests that the drug does not represent any significant risk to the baby.
,breastfeeding,Information regarding the use of Alcinac Spas 80mg/100mg Tablet during breastfeeding is not available. Please consult your doctor.
,breastfeeding,Abiratas 500mg Tablet is unsafe to use during breastfeeding. Data suggests that the drug may cause toxicity to the baby.
,breastfeeding,"Aldecef 200mg Tablet is safe to use during breastfeeding. Human studies suggest that the drug does not pass into the breastmilk in a significant amount and is not harmful to the baby.<BR>Avoid prolonged use of Aldecef 200mg Tablet, since it may have possible effects such as rash and diarrhea."
,breastfeeding,Information regarding the use of Arophyll-M Tablet SR during breastfeeding is not available. Please consult your doctor.
,breastfeeding,Alertac-A Tablet is unsafe to use during breastfeeding. Data suggests that the drug may cause toxicity to the baby.
,breastfeeding,"Allerhin D Plus 120mg Tablet is safe to use during breastfeeding. Human studies suggest that the drug does not pass into the breastmilk in a significant amount and is not harmful to the baby.<BR>Because of low milk levels and lack of sleepiness, use of Allerhin D Plus 120mg Tablet would not be expected to cause any adverse effects in breastfed babies."
,breastfeeding,Afdiloc 300mg Tablet is probably safe to use during breastfeeding. Limited human data suggests that the drug does not represent any significant risk to the baby.
,breastfeeding,AVN Plus Tablet is probably safe to use during breastfeeding. Limited human data suggests that the drug does not represent any significant risk to the baby.<BR>Larger doses or prolonged use of AVN Plus Tablet may cause sleepiness and other effects in the baby
,breastfeeding,Aziwok 500mg Injection is safe to use during breastfeeding. Human studies suggest that the drug does not pass into the breastmilk in a significant amount and is not harmful to the baby.<BR>There may be a possibility of diarrhea or rash in the baby.
,breastfeeding,Information regarding the use of Axonrich Tablet during breastfeeding is not available. Please consult your doctor.
,breastfeeding,Aziron 500mg Tablet is safe to use during breastfeeding. Human studies suggest that the drug does not pass into the breastmilk in a significant amount and is not harmful to the baby.<BR>There may be a possibility of diarrhea or rash in the baby.
,breastfeeding,Averm Plus 12mg Tablet is probably safe to use during breastfeeding. Limited human data suggests that the drug does not represent any significant risk to the baby.
,breastfeeding,Information regarding the use of Arrestin  P 100mg/500mg Tablet during breastfeeding is not available. Please consult your doctor.
,breastfeeding,Amchek-Z Tablet is probably safe to use during breastfeeding. Limited human data suggests that the drug does not represent any significant risk to the baby.
,breastfeeding,Information regarding the use of Aclofen S Tablet during breastfeeding is not available. Please consult your doctor.
,breastfeeding,Arch L Forte Tablet is probably safe to use during breastfeeding. Limited human data suggests that the drug does not represent any significant risk to the baby.
,,
,breastfeeding,Information regarding the use of Anthro 100 mg/500 mg Tablet during breastfeeding is not available. Please consult your doctor.
,breastfeeding,Amvalor Chrono 300 Tablet CR is safe to use during breastfeeding. Human studies suggest that the drug does not pass into the breastmilk in a significant amount and is not harmful to the baby.
,breastfeeding,Information regarding the use of Aceflam 100mg/500mg Tablet during breastfeeding is not available. Please consult your doctor.
,breastfeeding,Arodyl Syrup is probably safe to use during breastfeeding. Limited human data suggests that the drug does not represent any significant risk to the baby.<BR>Larger doses or prolonged use of Arodyl Syrup may cause sleepiness and other effects in the baby
,breastfeeding,Arpan 40mg Tablet is probably safe to use during breastfeeding. Limited human data suggests that the drug does not represent any significant risk to the baby.
,breastfeeding,Azutan CT 40/12.5 Tablet is safe to use during breastfeeding. Human studies suggest that the drug does not pass into the breastmilk in a significant amount and is not harmful to the baby.
,breastfeeding,AL 5mg Tablet is probably safe to use during breastfeeding. Limited human data suggests that the drug does not represent any significant risk to the baby.<BR>Larger doses or more prolonged use of AL 5mg Tablet may cause drowsiness and other effects in the baby or decrease the milk supply
,breastfeeding,Adequet SR 100 Tablet is probably unsafe to use during breastfeeding. Limited human data suggests that the drug may pass into the breastmilk and harm the baby.
,breastfeeding,Information regarding the use of Acronil-OD 400 Tablet ER during breastfeeding is not available. Please consult your doctor.
,breastfeeding,Acsolve H Gel is unsafe to use during breastfeeding. Data suggests that the drug may cause toxicity to the baby.
,breastfeeding,Information regarding the use of Acetal SP 100 mg/500 mg/15 mg Tablet during breastfeeding is not available. Please consult your doctor.
,breastfeeding,Azix 250mg Tablet DT is safe to use during breastfeeding. Human studies suggest that the drug does not pass into the breastmilk in a significant amount and is not harmful to the baby.<BR>There may be a possibility of diarrhea or rash in the baby.
,breastfeeding,Autocort 6mg Tablet is probably unsafe to use during breastfeeding. Limited human data suggests that the drug may pass into the breastmilk and harm the baby.
,breastfeeding,Acitec D 10mg/20mg Capsule is probably safe to use during breastfeeding. Limited human data suggests that the drug does not represent any significant risk to the baby.
,breastfeeding,Aaram Tablet is probably unsafe to use during breastfeeding. Limited human data suggests that the drug may pass into the breastmilk and harm the baby.
,breastfeeding,Information regarding the use of Axid O Suspension during breastfeeding is not available. Please consult your doctor.
,breastfeeding,Atorvacare F 10mg/160mg Tablet is probably unsafe to use during breastfeeding. Limited human data suggests that the drug may pass into the breastmilk and harm the baby.
,breastfeeding,Aquatel CH 40mg/12.5mg Tablet is probably safe to use during breastfeeding. Limited human data suggests that the drug does not represent any significant risk to the baby.
,breastfeeding,Information regarding the use of Algic MR 100mg/4mg Tablet during breastfeeding is not available. Please consult your doctor.
,breastfeeding,Acetol 200mg Tablet CR is safe to use during breastfeeding. Human studies suggest that the drug does not pass into the breastmilk in a significant amount and is not harmful to the baby.
,breastfeeding,Almid Plus Tablet is probably safe to use during breastfeeding. Limited human data suggests that the drug does not represent any significant risk to the baby.
,breastfeeding,Information regarding the use of Acepep SP Tablet during breastfeeding is not available. Please consult your doctor.
,breastfeeding,Information regarding the use of Aceros 100mg Tablet during breastfeeding is not available. Please consult your doctor.
,breastfeeding,"Altacef 750mg Injection is safe to use during breastfeeding. Human studies suggest that the drug does not pass into the breastmilk in a significant amount and is not harmful to the baby.<BR>Avoid prolonged use of Altacef 750mg Injection, since it may have possible effects such as rash and diarrhea."
,breastfeeding,Alpan D 10mg/40mg Tablet should be used with caution during breastfeeding. Breastfeeding should be held until the treatment of the mother is completed and the drug is eliminated from her body.
,breastfeeding,Aldo 10 Tablet is probably safe to use during breastfeeding. Limited human data suggests that the drug does not represent any significant risk to the baby.
,breastfeeding,Alpenta 40mg Tablet is probably safe to use during breastfeeding. Limited human data suggests that the drug does not represent any significant risk to the baby.
,breastfeeding,Avipanta 40mg Injection is probably safe to use during breastfeeding. Limited human data suggests that the drug does not represent any significant risk to the baby.
,breastfeeding,Atorstin CV 20mg/75mg Capsule is probably safe to use during breastfeeding. Limited human data suggests that the drug does not represent any significant risk to the baby.
,breastfeeding,Aptacid Tablet is probably unsafe to use during breastfeeding. Limited human data suggests that the drug may pass into the breastmilk and harm the baby.
,breastfeeding,Information regarding the use of Acelopat SP 100mg/325mg/15mg Tablet during breastfeeding is not available. Please consult your doctor.
,breastfeeding,Information regarding the use of Asmotone SP Syrup during breastfeeding is not available. Please consult your doctor.
,breastfeeding,Information regarding the use of Acosha 100mg Tablet during breastfeeding is not available. Please consult your doctor.
,breastfeeding,Amlomet 5mg/50mg Tablet is probably safe to use during breastfeeding. Limited human data suggests that the drug does not represent any significant risk to the baby.
,breastfeeding,"Addicef 500mg Tablet is safe to use during breastfeeding. Human studies suggest that the drug does not pass into the breastmilk in a significant amount and is not harmful to the baby.<BR>Avoid prolonged use of Addicef 500mg Tablet, since it may have possible effects such as rash and diarrhea."
,breastfeeding,Anspas Forte 500mg/450mg Tablet is safe to use during breastfeeding. Human studies suggest that the drug does not pass into the breastmilk in a significant amount and is not harmful to the baby.
,breastfeeding,Actibile 600 SR Tablet is probably safe to use during breastfeeding. Limited human data suggests that the drug does not represent any significant risk to the baby.
,breastfeeding,Anastrocare 1mg Tablet is unsafe to use during breastfeeding. Data suggests that the drug may cause toxicity to the baby.
,breastfeeding,Altrip 10mg Tablet is unsafe to use during breastfeeding. Data suggests that the drug may cause toxicity to the baby.
,breastfeeding,Amlong 7.5mg Tablet is probably safe to use during breastfeeding. Limited human data suggests that the drug does not represent any significant risk to the baby.
,breastfeeding,Altodin 10mg Tablet is safe to use during breastfeeding. Human studies suggest that the drug does not pass into the breastmilk in a significant amount and is not harmful to the baby.
,breastfeeding,Information regarding the use of Augustin Tablet during breastfeeding is not available. Please consult your doctor.
,breastfeeding,Alzolid 600mg Infusion is probably unsafe to use during breastfeeding. Limited human data suggests that the drug may pass into the breastmilk and harm the baby.
,breastfeeding,Information regarding the use of Advark-SP Tablet during breastfeeding is not available. Please consult your doctor.
,breastfeeding,Alprop 0.25 mg/20 mg Tablet is probably unsafe to use during breastfeeding. Limited human data suggests that the drug may pass into the breastmilk and harm the baby.
,breastfeeding,Information regarding the use of Azopar SP 100mg/325mg/10mg Tablet during breastfeeding is not available. Please consult your doctor.
,,
,breastfeeding,Avilan 40mg Tablet SR is safe to use during breastfeeding. Human studies suggest that the drug does not pass into the breastmilk in a significant amount and is not harmful to the baby.
,breastfeeding,Acroflu 150mg Tablet is safe to use during breastfeeding. Human studies suggest that the drug does not pass into the breastmilk in a significant amount and is not harmful to the baby.
,breastfeeding,Ab Penem 200mg Tablet is probably safe to use during breastfeeding. Limited human data suggests that the drug does not represent any significant risk to the baby.
,breastfeeding,Information regarding the use of Arti Nate 50mg Tablet during breastfeeding is not available. Please consult your doctor.
,breastfeeding,Aziden 500mg Tablet is safe to use during breastfeeding. Human studies suggest that the drug does not pass into the breastmilk in a significant amount and is not harmful to the baby.<BR>There may be a possibility of diarrhea or rash in the baby.
,,
,breastfeeding,Information regarding the use of Acogesic-P 100mg/325mg Tablet during breastfeeding is not available. Please consult your doctor.
,breastfeeding,Amgrace 200mg Tablet is probably unsafe to use during breastfeeding. Limited human data suggests that the drug may pass into the breastmilk and harm the baby.
,breastfeeding,Information regarding the use of Albigesic Forte Tablet during breastfeeding is not available. Please consult your doctor.
,breastfeeding,Avopan-D 10mg/40mg Tablet should be used with caution during breastfeeding. Breastfeeding should be held until the treatment of the mother is completed and the drug is eliminated from her body.
,breastfeeding,Information regarding the use of Aceclean Ear Wax Drop during breastfeeding is not available. Please consult your doctor.
,breastfeeding,Aroget DX Syrup American Ice Cream is probably safe to use during breastfeeding. Limited human data suggests that the drug does not represent any significant risk to the baby.
,breastfeeding,Information regarding the use of Apcyp-T Syrup during breastfeeding is not available. Please consult your doctor.
,breastfeeding,"Albact 500mg Tablet is safe to use during breastfeeding. Human studies suggest that the drug does not pass into the breastmilk in a significant amount and is not harmful to the baby.<BR>Avoid prolonged use of Albact 500mg Tablet, since it may have possible effects such as rash and diarrhea."
,breastfeeding,Information regarding the use of Acent TZ 100mg/2mg Tablet during breastfeeding is not available. Please consult your doctor.
,,
,breastfeeding,Artefan 80mg/480mg Tablet is probably safe to use during breastfeeding. Limited human data suggests that the drug does not represent any significant risk to the baby.
,breastfeeding,Azisite 1% Eye Ointment is safe to use during breastfeeding. Human studies suggest that the drug does not pass into the breastmilk in a significant amount and is not harmful to the baby.<BR>It should be wiped off thoroughly prior to nursing if it is being applied to the breast or nipple area.
,breastfeeding,Information regarding the use of Agafin Tablet during breastfeeding is not available. Please consult your doctor.<BR>Agafin Tablet is not indicated in women.
,breastfeeding,Abirab DSR Capsule is probably unsafe to use during breastfeeding. Limited human data suggests that the drug may pass into the breastmilk and harm the baby.
,breastfeeding,Acnechio-BP Gel is probably safe to use during breastfeeding. Limited human data suggests that the drug does not represent any significant risk to the baby.
,breastfeeding,Azim 500mg Tablet is safe to use during breastfeeding. Human studies suggest that the drug does not pass into the breastmilk in a significant amount and is not harmful to the baby.<BR>There may be a possibility of diarrhea or rash in the baby.
,breastfeeding,Andep 10 mg/1 mg Tablet is probably unsafe to use during breastfeeding. Limited human data suggests that the drug may pass into the breastmilk and harm the baby.
,breastfeeding,Information regarding the use of Aver 8mg Tablet during breastfeeding is not available. Please consult your doctor.
,breastfeeding,Argex 250mg Capsule is safe to use during breastfeeding. Human studies suggest that the drug does not pass into the breastmilk in a significant amount and is not harmful to the baby.<BR>There may be a possibility of diarrhea or rash in the baby.
,breastfeeding,Information regarding the use of Apgain Syrup during breastfeeding is not available. Please consult your doctor.
,breastfeeding,Information regarding the use of Amphyl D 400mg/30mg Tablet during breastfeeding is not available. Please consult your doctor.
,breastfeeding,Amigatin LS 100mg/10mg Tablet is probably unsafe to use during breastfeeding. Limited human data suggests that the drug may pass into the breastmilk and harm the baby.
,breastfeeding,Avilpro D 10mg/20mg Capsule is probably safe to use during breastfeeding. Limited human data suggests that the drug does not represent any significant risk to the baby.
,breastfeeding,Apenta 40mg Tablet is probably safe to use during breastfeeding. Limited human data suggests that the drug does not represent any significant risk to the baby.
,breastfeeding,Information regarding the use of Angenec Plus 250 mg/50 mg/325 mg Tablet during breastfeeding is not available. Please consult your doctor.
,,
,,
,breastfeeding,Information regarding the use of Ambro TS Tablet during breastfeeding is not available. Please consult your doctor.
,breastfeeding,Azigon 500mg Tablet is safe to use during breastfeeding. Human studies suggest that the drug does not pass into the breastmilk in a significant amount and is not harmful to the baby.<BR>There may be a possibility of diarrhea or rash in the baby.
,breastfeeding,Aparin 50mg Tablet is probably unsafe to use during breastfeeding. Limited human data suggests that the drug may pass into the breastmilk and harm the baby.
,breastfeeding,Arive 20mg Tablet is probably unsafe to use during breastfeeding. Limited human data suggests that the drug may pass into the breastmilk and harm the baby.
,breastfeeding,Information regarding the use of Actsone F Cream during breastfeeding is not available. Please consult your doctor.
,breastfeeding,Ambimet XL 50 Tablet is probably safe to use during breastfeeding. Limited human data suggests that the drug does not represent any significant risk to the baby.
,breastfeeding,Abclopid A 150 Capsule is probably unsafe to use during breastfeeding. Limited human data suggests that the drug may pass into the breastmilk and harm the baby.
,breastfeeding,Amwel 5mg Tablet is probably safe to use during breastfeeding. Limited human data suggests that the drug does not represent any significant risk to the baby.
,breastfeeding,Anxizam Plus 0.5 mg/25 mg Tablet is probably unsafe to use during breastfeeding. Limited human data suggests that the drug may pass into the breastmilk and harm the baby.
,breastfeeding,Apkolin 250 Capsule is safe to use during breastfeeding. Human studies suggest that the drug does not pass into the breastmilk in a significant amount and is not harmful to the baby.
,breastfeeding,Abijem-DSR Capsule is probably unsafe to use during breastfeeding. Limited human data suggests that the drug may pass into the breastmilk and harm the baby.
,breastfeeding,Atoran F 10mg/160mg Tablet is probably unsafe to use during breastfeeding. Limited human data suggests that the drug may pass into the breastmilk and harm the baby.
,breastfeeding,Information regarding the use of Acetec-P Tablet during breastfeeding is not available. Please consult your doctor.
,breastfeeding,Anicob Cream is probably safe to use during breastfeeding. Limited human data suggests that the drug does not represent any significant risk to the baby.
,breastfeeding,Aktilax Syrup is probably safe to use during breastfeeding. Limited human data suggests that the drug does not represent any significant risk to the baby.
,breastfeeding,Anze 5mg Tablet is probably safe to use during breastfeeding. Limited human data suggests that the drug does not represent any significant risk to the baby.<BR>Use of Anze 5mg Tablet immediately after childbirth should be avoided.
,breastfeeding,Amlojack 2.5mg Tablet is probably safe to use during breastfeeding. Limited human data suggests that the drug does not represent any significant risk to the baby.
,breastfeeding,Information regarding the use of Appimet Syrup during breastfeeding is not available. Please consult your doctor.
,breastfeeding,Information regarding the use of Aceros MR 100mg/325mg/250mg Tablet during breastfeeding is not available. Please consult your doctor.
,breastfeeding,Amoxy A Forte Capsule is safe to use during breastfeeding. Human studies suggest that the drug does not pass into the breastmilk in a significant amount and is not harmful to the baby.
,breastfeeding,Adcef LB Tablet is safe to use during breastfeeding. Human studies suggest that the drug does not pass into the breastmilk in a significant amount and is not harmful to the baby.
,breastfeeding,"Avilox Suspension is probably safe to use during breastfeeding. Limited human data suggests that the drug does not represent any significant risk to the baby.<BR>Baby should be closely monitored for development of fever, loss of appetite and diarrhea. In case, any of the above happens please inform your doctor immediately."
,breastfeeding,Aktilor 5mg Tablet is safe to use during breastfeeding. Human studies suggest that the drug does not pass into the breastmilk in a significant amount and is not harmful to the baby.
,breastfeeding,Information regarding the use of Avderm Ointment during breastfeeding is not available. Please consult your doctor.
,breastfeeding,Akticet L 5mg Tablet is probably safe to use during breastfeeding. Limited human data suggests that the drug does not represent any significant risk to the baby.<BR>Larger doses or more prolonged use of Akticet L 5mg Tablet may cause drowsiness and other effects in the baby or decrease the milk supply
,breastfeeding,Antec 150mg Tablet is probably safe to use during breastfeeding. Limited human data suggests that the drug does not represent any significant risk to the baby.
,breastfeeding,Alrax 10mg Syrup is probably safe to use during breastfeeding. Limited human data suggests that the drug does not represent any significant risk to the baby.<BR>Larger doses or prolonged use of Alrax 10mg Syrup may cause sleepiness and other effects in the baby
,breastfeeding,Aknea 10 Softgel Capsule is probably unsafe to use during breastfeeding. Limited human data suggests that the drug may pass into the breastmilk and harm the baby.
,breastfeeding,Atline 100mg Tablet is probably unsafe to use during breastfeeding. Limited human data suggests that the drug may pass into the breastmilk and harm the baby.
,breastfeeding,Information regarding the use of Asicryl 1000 mg/20 mg Suspension during breastfeeding is not available. Please consult your doctor.
,breastfeeding,Aggrifib Injection should be used with caution during breastfeeding. Breastfeeding should be held until the treatment of the mother is completed and the drug is eliminated from her body.
,breastfeeding,Information regarding the use of Acephil 100mg Capsule during breastfeeding is not available. Please consult your doctor.
,breastfeeding,Actiderm 100mg Capsule is probably unsafe to use during breastfeeding. Limited human data suggests that the drug may pass into the breastmilk and harm the baby.
,breastfeeding,Information regarding the use of Axeldox 100 Capsule during breastfeeding is not available. Please consult your doctor.
,breastfeeding,"Aksitram EF Effervescent Tablet is probably safe to use during breastfeeding. Limited human data suggests that the drug does not represent any significant risk to the baby.<BR>Consult a doctor immediately if the baby shows signs of increased sleepiness (more than usual), difficulty breastfeeding, breathing problems, or limpness."
,breastfeeding,Alpra 0.5mg Tablet is probably unsafe to use during breastfeeding. Limited human data suggests that the drug may pass into the breastmilk and harm the baby.
,breastfeeding,Acefen Forte 400mg/600mg Tablet is safe to use during breastfeeding. Human studies suggest that the drug does not pass into the breastmilk in a significant amount and is not harmful to the baby.
,,
,breastfeeding,Information regarding the use of Aclonec S 100mg/10mg Tablet during breastfeeding is not available. Please consult your doctor.
,,
,breastfeeding,Arive 25mg Tablet is safe to use during breastfeeding. Human studies suggest that the drug does not pass into the breastmilk in a significant amount and is not harmful to the baby.
,breastfeeding,Alpro Forte Tablet is probably unsafe to use during breastfeeding. Limited human data suggests that the drug may pass into the breastmilk and harm the baby.
,breastfeeding,Arexol P 30mg/4mg/500mg/5mg Tablet is probably safe to use during breastfeeding. Limited human data suggests that the drug does not represent any significant risk to the baby.
,breastfeeding,AM Slim 120mg Capsule is safe to use during breastfeeding. Human studies suggest that the drug does not pass into the breastmilk in a significant amount and is not harmful to the baby.
,breastfeeding,Information regarding the use of Aclomac SP 100mg/325mg/10mg Tablet during breastfeeding is not available. Please consult your doctor.
,breastfeeding,"Aelxim 100 Dry Syrup is safe to use during breastfeeding. Human studies suggest that the drug does not pass into the breastmilk in a significant amount and is not harmful to the baby.<BR>Avoid prolonged use of Aelxim 100 Dry Syrup, since it may have possible effects such as rash and diarrhea."
,breastfeeding,Arest Eye Drop is probably safe to use during breastfeeding. Limited human data suggests that the drug does not represent any significant risk to the baby.
,breastfeeding,Amoxy-DJ 250mg/250mg Capsule is safe to use during breastfeeding. Human studies suggest that the drug does not pass into the breastmilk in a significant amount and is not harmful to the baby.
,breastfeeding,Amvio TS Tablet is probably safe to use during breastfeeding. Limited human data suggests that the drug does not represent any significant risk to the baby.
,breastfeeding,Atecard 100mg Tablet is probably unsafe to use during breastfeeding. Limited human data suggests that the drug may pass into the breastmilk and harm the baby.
,breastfeeding,Alpraz 0.25mg Tablet is probably unsafe to use during breastfeeding. Limited human data suggests that the drug may pass into the breastmilk and harm the baby.
,breastfeeding,Acef LB 200mg/60Million spores Tablet is safe to use during breastfeeding. Human studies suggest that the drug does not pass into the breastmilk in a significant amount and is not harmful to the baby.
,breastfeeding,Acirex 5mg/2.5mg Tablet is probably unsafe to use during breastfeeding. Limited human data suggests that the drug may pass into the breastmilk and harm the baby.
,breastfeeding,Alcibard Forte Tablet is safe to use during breastfeeding. Human studies suggest that the drug does not pass into the breastmilk in a significant amount and is not harmful to the baby.
,breastfeeding,Allcold GO Tablet is probably safe to use during breastfeeding. Limited human data suggests that the drug does not represent any significant risk to the baby.
,breastfeeding,Azeloc 250mg Tablet is safe to use during breastfeeding. Human studies suggest that the drug does not pass into the breastmilk in a significant amount and is not harmful to the baby.<BR>There may be a possibility of diarrhea or rash in the baby.
,breastfeeding,Atnol AM Tablet is probably unsafe to use during breastfeeding. Limited human data suggests that the drug may pass into the breastmilk and harm the baby.
,breastfeeding,Information regarding the use of Apar SP 100mg/500mg/15mg Tablet during breastfeeding is not available. Please consult your doctor.
,breastfeeding,Atokidz Lotion is safe to use during breastfeeding. Human studies suggest that the drug does not pass into the breastmilk in a significant amount and is not harmful to the baby.
,breastfeeding,Asmide 50mg Capsule is probably unsafe to use during breastfeeding. Limited human data suggests that the drug may pass into the breastmilk and harm the baby.
,breastfeeding,Azieg 250mg Tablet is safe to use during breastfeeding. Human studies suggest that the drug does not pass into the breastmilk in a significant amount and is not harmful to the baby.<BR>There may be a possibility of diarrhea or rash in the baby.
,breastfeeding,Information regarding the use of Acloheal SP 100mg/325mg/10mg Tablet during breastfeeding is not available. Please consult your doctor.
,breastfeeding,Aviglen 5mg Tablet is probably safe to use during breastfeeding. Limited human data suggests that the drug does not represent any significant risk to the baby.<BR>Monitor the breastfed baby’s blood sugar during treatment with Aviglen 5mg Tablet
,breastfeeding,Axiglim M 1mg Tablet is probably safe to use during breastfeeding. Limited human data suggests that the drug does not represent any significant risk to the baby.
,breastfeeding,Azenap 10 Tablet is probably safe to use during breastfeeding. Limited human data suggests that the drug does not represent any significant risk to the baby.
,breastfeeding,Information regarding the use of Acimax 100mg Tablet during breastfeeding is not available. Please consult your doctor.
,breastfeeding,Information regarding the use of Aceline-LM Tablet during breastfeeding is not available. Please consult your doctor.
,breastfeeding,Alercold-Plus Tablet is probably safe to use during breastfeeding. Limited human data suggests that the drug does not represent any significant risk to the baby.
,breastfeeding,Azifer 500mg Tablet is safe to use during breastfeeding. Human studies suggest that the drug does not pass into the breastmilk in a significant amount and is not harmful to the baby.<BR>There may be a possibility of diarrhea or rash in the baby.
,breastfeeding,Addpril 2.5 Tablet is probably unsafe to use during breastfeeding. Limited human data suggests that the drug may pass into the breastmilk and harm the baby.
,breastfeeding,Azofen T 200 mg/1 mg Tablet is probably safe to use during breastfeeding. Limited human data suggests that the drug does not represent any significant risk to the baby.
,breastfeeding,Atorfine 20mg Tablet is unsafe to use during breastfeeding. Data suggests that the drug may cause toxicity to the baby.
,breastfeeding,Information regarding the use of Acivas-SP Tablet during breastfeeding is not available. Please consult your doctor.
,breastfeeding,Information regarding the use of Acesoft-MR Tablet during breastfeeding is not available. Please consult your doctor.
,breastfeeding,Information regarding the use of Aryl MR Tablet during breastfeeding is not available. Please consult your doctor.
,breastfeeding,Azion 250mg Tablet is safe to use during breastfeeding. Human studies suggest that the drug does not pass into the breastmilk in a significant amount and is not harmful to the baby.<BR>There may be a possibility of diarrhea or rash in the baby.
,,
,breastfeeding,Information regarding the use of Agonyx-MR Tablet during breastfeeding is not available. Please consult your doctor.
,breastfeeding,Atorsyn 10mg Tablet is unsafe to use during breastfeeding. Data suggests that the drug may cause toxicity to the baby.
,breastfeeding,Alnacef 1000mg Injection should be used with caution during breastfeeding. Breastfeeding should be held until the treatment of the mother is completed and the drug is eliminated from her body.
,breastfeeding,Information regarding the use of Aticus SP 100mg/325mg/15mg Tablet during breastfeeding is not available. Please consult your doctor.
,breastfeeding,Astal 10mg Tablet is probably unsafe to use during breastfeeding. Limited human data suggests that the drug may pass into the breastmilk and harm the baby.
,breastfeeding,Information regarding the use of Afen MR 100mg/325mg/250mg Tablet during breastfeeding is not available. Please consult your doctor.
,breastfeeding,Information regarding the use of Advadox 20mg Injection during breastfeeding is not available. Please consult your doctor.
,breastfeeding,Information regarding the use of Amibactin BD 500mg/600mg Tablet during breastfeeding is not available. Please consult your doctor.
,breastfeeding,Azin 250 Tablet is safe to use during breastfeeding. Human studies suggest that the drug does not pass into the breastmilk in a significant amount and is not harmful to the baby.<BR>There may be a possibility of diarrhea or rash in the baby.
,breastfeeding,Auctimet PG 2mg/500mg/15mg Tablet SR is probably safe to use during breastfeeding. Limited human data suggests that the drug does not represent any significant risk to the baby.<BR>Monitor the breastfed baby’s blood sugar during treatment with Auctimet PG 2mg/500mg/15mg Tablet SR
,breastfeeding,Information regarding the use of Abeolin 100 Capsule during breastfeeding is not available. Please consult your doctor.
,breastfeeding,Information regarding the use of Alencit Plus 500mg/800mg Tablet during breastfeeding is not available. Please consult your doctor.
,breastfeeding,Information regarding the use of Ansac-MR 100mg/325mg/250mg Tablet during breastfeeding is not available. Please consult your doctor.
,breastfeeding,Information regarding the use of Alizol-IP 40mg/150mg Capsule SR during breastfeeding is not available. Please consult your doctor.
,breastfeeding,Ampilox 125 mg/125 mg Injection is safe to use during breastfeeding. Human studies suggest that the drug does not pass into the breastmilk in a significant amount and is not harmful to the baby.
,breastfeeding,Information regarding the use of Acetrio-SP Tablet during breastfeeding is not available. Please consult your doctor.
,breastfeeding,Affopride 1mg Tablet is probably safe to use during breastfeeding. Limited human data suggests that the drug does not represent any significant risk to the baby.<BR>Monitoring of the breastfed infant's blood glucose is advisable during maternal therapy with Affopride 1mg Tablet
,breastfeeding,Information regarding the use of Achenil Plus 100mg/500mg Tablet during breastfeeding is not available. Please consult your doctor.
,breastfeeding,Antagon 40mg Tablet is probably safe to use during breastfeeding. Limited human data suggests that the drug does not represent any significant risk to the baby.
,breastfeeding,Azinol 250mg Tablet is safe to use during breastfeeding. Human studies suggest that the drug does not pass into the breastmilk in a significant amount and is not harmful to the baby.<BR>There may be a possibility of diarrhea or rash in the baby.
,breastfeeding,Apex Plus 0.25mg/20mg Tablet is probably unsafe to use during breastfeeding. Limited human data suggests that the drug may pass into the breastmilk and harm the baby.
,breastfeeding,Information regarding the use of Ase Plus 50mg/10mg Tablet during breastfeeding is not available. Please consult your doctor.
,breastfeeding,Ataxy 10 Tablet is probably safe to use during breastfeeding. Limited human data suggests that the drug does not represent any significant risk to the baby.<BR>Larger doses or prolonged use of Ataxy 10 Tablet may cause sleepiness and other effects in the baby
,breastfeeding,"Alernex 30mg Tablet DT is safe to use during breastfeeding. Human studies suggest that the drug does not pass into the breastmilk in a significant amount and is not harmful to the baby.<BR>Because of low milk levels and lack of sleepiness, use of Alernex 30mg Tablet DT would not be expected to cause any adverse effects in breastfed babies."
,breastfeeding,Information regarding the use of Ambigesic MR Tablet during breastfeeding is not available. Please consult your doctor.
,breastfeeding,Albetop-Plus Tablet is probably safe to use during breastfeeding. Limited human data suggests that the drug does not represent any significant risk to the baby.
,breastfeeding,Information regarding the use of Alvoflam-P Tablet during breastfeeding is not available. Please consult your doctor.
,breastfeeding,Information regarding the use of Axikool O Suspension during breastfeeding is not available. Please consult your doctor.
,breastfeeding,Afymox Clav Tablet is safe to use during breastfeeding. Human studies suggest that the drug does not pass into the breastmilk in a significant amount and is not harmful to the baby.
,breastfeeding,Acort 10mg Injection is probably safe to use during breastfeeding. Limited human data suggests that the drug does not represent any significant risk to the baby.
,breastfeeding,Information regarding the use of Ac2 100mg/500mg Tablet during breastfeeding is not available. Please consult your doctor.
,breastfeeding,Arpidon 15mg Tablet is probably unsafe to use during breastfeeding. Limited human data suggests that the drug may pass into the breastmilk and harm the baby.
,breastfeeding,Azovis 250 Tablet is safe to use during breastfeeding. Human studies suggest that the drug does not pass into the breastmilk in a significant amount and is not harmful to the baby.<BR>There may be a possibility of diarrhea or rash in the baby.
,breastfeeding,Amipic 250mg Injection is safe to use during breastfeeding. Human studies suggest that the drug does not pass into the breastmilk in a significant amount and is not harmful to the baby.
,breastfeeding,Information regarding the use of Acefe-P Tablet during breastfeeding is not available. Please consult your doctor.
,breastfeeding,Avinor TZ 400mg/600mg Tablet is probably unsafe to use during breastfeeding. Limited human data suggests that the drug may pass into the breastmilk and harm the baby.
,breastfeeding,Allery-A Tablet is probably safe to use during breastfeeding. Limited human data suggests that the drug does not represent any significant risk to the baby.<BR>Larger doses or more prolonged use of Allery-A Tablet may cause drowsiness and other effects in the baby or decrease the milk supply
,breastfeeding,Apz 0.5mg Tablet is probably unsafe to use during breastfeeding. Limited human data suggests that the drug may pass into the breastmilk and harm the baby.
,breastfeeding,Information regarding the use of Avespas Injection during breastfeeding is not available. Please consult your doctor.
,,
,breastfeeding,Information regarding the use of Acupressin 1mg Injection during breastfeeding is not available. Please consult your doctor.
,breastfeeding,Axipan DM 10mg/40mg Tablet should be used with caution during breastfeeding. Breastfeeding should be held until the treatment of the mother is completed and the drug is eliminated from her body.
,breastfeeding,Aronate 60mg Injection is probably safe to use during breastfeeding. Limited human data suggests that the drug does not represent any significant risk to the baby.
,breastfeeding,Arcmont LC 5mg/10mg Tablet is unsafe to use during breastfeeding. Data suggests that the drug may cause toxicity to the baby.
,breastfeeding,Afcort 6mg Tablet is probably unsafe to use during breastfeeding. Limited human data suggests that the drug may pass into the breastmilk and harm the baby.
,breastfeeding,Azystate 250mg Tablet is safe to use during breastfeeding. Human studies suggest that the drug does not pass into the breastmilk in a significant amount and is not harmful to the baby.<BR>There may be a possibility of diarrhea or rash in the baby.
,breastfeeding,"Alefex 120mg Tablet is safe to use during breastfeeding. Human studies suggest that the drug does not pass into the breastmilk in a significant amount and is not harmful to the baby.<BR>Because of low milk levels and lack of sleepiness, use of Alefex 120mg Tablet would not be expected to cause any adverse effects in breastfed babies."
,breastfeeding,Azegud 500mg Tablet is safe to use during breastfeeding. Human studies suggest that the drug does not pass into the breastmilk in a significant amount and is not harmful to the baby.<BR>There may be a possibility of diarrhea or rash in the baby.
,breastfeeding,Atsan 20mg Tablet is unsafe to use during breastfeeding. Data suggests that the drug may cause toxicity to the baby.
,breastfeeding,Aarcid Syrup is probably safe to use during breastfeeding. Limited human data suggests that the drug does not represent any significant risk to the baby.
,breastfeeding,Axopan D 10mg/40mg Tablet should be used with caution during breastfeeding. Breastfeeding should be held until the treatment of the mother is completed and the drug is eliminated from her body.
,breastfeeding,Ameek 500mg Injection is safe to use during breastfeeding. Human studies suggest that the drug does not pass into the breastmilk in a significant amount and is not harmful to the baby.
,breastfeeding,Information regarding the use of Acelab-TH Tablet during breastfeeding is not available. Please consult your doctor.
,breastfeeding,Acnisil 20mg Tablet is probably unsafe to use during breastfeeding. Limited human data suggests that the drug may pass into the breastmilk and harm the baby.
,breastfeeding,Arzepam 2mg Tablet is safe to use during breastfeeding. Human studies suggest that the drug does not pass into the breastmilk in a significant amount and is not harmful to the baby.
,breastfeeding,Axitrix 250mg Injection should be used with caution during breastfeeding. Breastfeeding should be held until the treatment of the mother is completed and the drug is eliminated from her body.
,breastfeeding,Alpraday 0.25mg Tablet is probably unsafe to use during breastfeeding. Limited human data suggests that the drug may pass into the breastmilk and harm the baby.
,breastfeeding,Information regarding the use of Amfenac 200mg Tablet SR during breastfeeding is not available. Please consult your doctor.
,breastfeeding,Afcid Oral Suspension Strawberry is probably safe to use during breastfeeding. Limited human data suggests that the drug does not represent any significant risk to the baby.
,breastfeeding,Andoset-MD Tablet is probably safe to use during breastfeeding. Limited human data suggests that the drug does not represent any significant risk to the baby.
,breastfeeding,Information regarding the use of Abrizol L 75mg/20mg Capsule during breastfeeding is not available. Please consult your doctor.
,breastfeeding,"Arolexim 500mg Capsule is safe to use during breastfeeding. Human studies suggest that the drug does not pass into the breastmilk in a significant amount and is not harmful to the baby.<BR>Avoid prolonged use of Arolexim 500mg Capsule, since it may have possible effects such as rash and diarrhea."
,breastfeeding,Acquire 250mg Tablet is probably unsafe to use during breastfeeding. Limited human data suggests that the drug may pass into the breastmilk and harm the baby.
,breastfeeding,Azitime 500 Tablet is safe to use during breastfeeding. Human studies suggest that the drug does not pass into the breastmilk in a significant amount and is not harmful to the baby.<BR>There may be a possibility of diarrhea or rash in the baby.
,breastfeeding,Abixim-AZ Tablet is safe to use during breastfeeding. Human studies suggest that the drug does not pass into the breastmilk in a significant amount and is not harmful to the baby.<BR>There may be a possibility of diarrhea or rash in the baby.
,,
,breastfeeding,Information regarding the use of Anlof TC 100mg/325mg Tablet during breastfeeding is not available. Please consult your doctor.
,breastfeeding,Information regarding the use of Aridac 25mg Injection during breastfeeding is not available. Please consult your doctor.
,breastfeeding,"Axiom OR 15mg Dry Syrup is safe to use during breastfeeding. Human studies suggest that the drug does not pass into the breastmilk in a significant amount and is not harmful to the baby.<BR>Avoid prolonged use of Axiom OR 15mg Dry Syrup, since it may have possible effects such as rash and diarrhea."
,breastfeeding,Avizone S 1000mg/500mg Injection is safe to use during breastfeeding. Human studies suggest that the drug does not pass into the breastmilk in a significant amount and is not harmful to the baby.
,breastfeeding,Atpure SA 2.5mg/25mg Tablet is probably unsafe to use during breastfeeding. Limited human data suggests that the drug may pass into the breastmilk and harm the baby.
,,
,breastfeeding,Abijem 20mg Injection is probably unsafe to use during breastfeeding. Limited human data suggests that the drug may pass into the breastmilk and harm the baby.
,breastfeeding,Azinip 250mg Tablet is safe to use during breastfeeding. Human studies suggest that the drug does not pass into the breastmilk in a significant amount and is not harmful to the baby.<BR>There may be a possibility of diarrhea or rash in the baby.
,breastfeeding,Information regarding the use of Acenez 150mg Injection during breastfeeding is not available. Please consult your doctor.
,breastfeeding,Anglonor TZ 400 mg/600 mg Tablet is probably unsafe to use during breastfeeding. Limited human data suggests that the drug may pass into the breastmilk and harm the baby.
,breastfeeding,Arthobit 60mg Injection is probably safe to use during breastfeeding. Limited human data suggests that the drug does not represent any significant risk to the baby.
,,
,breastfeeding,Acef LB 100mg Tablet is safe to use during breastfeeding. Human studies suggest that the drug does not pass into the breastmilk in a significant amount and is not harmful to the baby.
,breastfeeding,Information regarding the use of Altomail 75mg Injection during breastfeeding is not available. Please consult your doctor.
,breastfeeding,Audon 2mg Oral Solution is probably safe to use during breastfeeding. Limited human data suggests that the drug does not represent any significant risk to the baby.
,breastfeeding,Information regarding the use of Aceleaf TH 100mg/4mg Tablet during breastfeeding is not available. Please consult your doctor.
,breastfeeding,Azux 500mg Injection is safe to use during breastfeeding. Human studies suggest that the drug does not pass into the breastmilk in a significant amount and is not harmful to the baby.<BR>There may be a possibility of diarrhea or rash in the baby.
,,
,breastfeeding,Information regarding the use of Ara TH 100mg/4mg Tablet during breastfeeding is not available. Please consult your doctor.
,breastfeeding,Information regarding the use of Anikuf AX Syrup during breastfeeding is not available. Please consult your doctor.
,breastfeeding,Information regarding the use of Brilinta 60mg Tablet during breastfeeding is not available. Please consult your doctor.
,breastfeeding,Bzon Forte 1mg Tablet is probably safe to use during breastfeeding. Limited human data suggests that the drug does not represent any significant risk to the baby.
,breastfeeding,Betawin Forte 0.5mg Tablet is probably safe to use during breastfeeding. Limited human data suggests that the drug does not represent any significant risk to the baby.
,breastfeeding,Information regarding the use of Bromex Kid Syrup during breastfeeding is not available. Please consult your doctor.
,breastfeeding,Buprigesic 0.3mg Injection is probably unsafe to use during breastfeeding. Limited human data suggests that the drug may pass into the breastmilk and harm the baby.
,breastfeeding,Buprocare 0.2mg Tablet is probably unsafe to use during breastfeeding. Limited human data suggests that the drug may pass into the breastmilk and harm the baby.
,breastfeeding,Bivamax 250mg Injection is probably unsafe to use during breastfeeding. Limited human data suggests that the drug may pass into the breastmilk and harm the baby.
,breastfeeding,Information regarding the use of Biodebol 50mg Injection during breastfeeding is not available. Please consult your doctor.
,breastfeeding,Daophage GP2 Tablet ER is probably safe to use during breastfeeding. Limited human data suggests that the drug does not represent any significant risk to the baby.<BR>Monitor the breastfed baby’s blood sugar during treatment with Daophage GP2 Tablet ER
,breastfeeding,Dukinase 50000IU Injection is probably safe to use during breastfeeding. Limited human data suggests that the drug does not represent any significant risk to the baby.
,breastfeeding,Duomox 500 mg/125 mg Tablet is safe to use during breastfeeding. Human studies suggest that the drug does not pass into the breastmilk in a significant amount and is not harmful to the baby.
,breastfeeding,Dbgron 75 Capsule is probably unsafe to use during breastfeeding. Limited human data suggests that the drug may pass into the breastmilk and harm the baby.
,breastfeeding,Information regarding the use of Dicamol Plus Tablet during breastfeeding is not available. Please consult your doctor.
,breastfeeding,Defset 6mg Tablet is probably unsafe to use during breastfeeding. Limited human data suggests that the drug may pass into the breastmilk and harm the baby.
,breastfeeding,Donep Syrup is probably unsafe to use during breastfeeding. Limited human data suggests that the drug may pass into the breastmilk and harm the baby.
,breastfeeding,Dospin 150 mg/75 mg Tablet is probably unsafe to use during breastfeeding. Limited human data suggests that the drug may pass into the breastmilk and harm the baby.
,breastfeeding,Desonex M 5mg/10mg Tablet is unsafe to use during breastfeeding. Data suggests that the drug may cause toxicity to the baby.
,breastfeeding,Daventyl-Plus 100 Tablet is probably unsafe to use during breastfeeding. Limited human data suggests that the drug may pass into the breastmilk and harm the baby.
,breastfeeding,Diocerin gm Tablet is probably safe to use during breastfeeding. Limited human data suggests that the drug does not represent any significant risk to the baby.
,breastfeeding,Dupent-DSR Capsule should be used with caution during breastfeeding. Breastfeeding should be held until the treatment of the mother is completed and the drug is eliminated from her body.
,breastfeeding,Information regarding the use of Dolozen 10mg Tablet during breastfeeding is not available. Please consult your doctor.
,breastfeeding,Danzol CT Scalp Solution is probably safe to use during breastfeeding. Limited human data suggests that the drug does not represent any significant risk to the baby.
,breastfeeding,Dysliptin C 10mg/75mg Tablet is probably safe to use during breastfeeding. Limited human data suggests that the drug does not represent any significant risk to the baby.
,breastfeeding,Diplomax Plus Ointment is probably safe to use during breastfeeding. Limited human data suggests that the drug does not represent any significant risk to the baby.
,breastfeeding,DAONIL 2.5 MG TABLET is probably safe to use during breastfeeding. Limited human data suggests that the drug does not represent any significant risk to the baby.<BR>Monitor the breastfed baby’s blood sugar during treatment with DAONIL 2.5 MG TABLET
,breastfeeding,Derinide 1mg Respules is probably safe to use during breastfeeding. Limited human data suggests that the drug does not represent any significant risk to the baby.
,breastfeeding,Delma 6mg Tablet is probably unsafe to use during breastfeeding. Limited human data suggests that the drug may pass into the breastmilk and harm the baby.
,breastfeeding,D Fax Plus 100mg/0.5mg Tablet is probably unsafe to use during breastfeeding. Limited human data suggests that the drug may pass into the breastmilk and harm the baby.
,breastfeeding,Delior Nano Oral Solution Sugar Free is safe to use during breastfeeding. Human studies suggest that the drug does not pass into the breastmilk in a significant amount and is not harmful to the baby.
,breastfeeding,Depwell 0.25mg/20mg Tablet is probably unsafe to use during breastfeeding. Limited human data suggests that the drug may pass into the breastmilk and harm the baby.
,breastfeeding,Diomine 20 mg/500 mg Tablet is probably unsafe to use during breastfeeding. Limited human data suggests that the drug may pass into the breastmilk and harm the baby.
,breastfeeding,"Dafadros-LS Tablet is probably unsafe to use during breastfeeding. Limited human data suggests that the drug may pass into the breastmilk and harm the baby.<BR>Nonhormonal and progestin-only contraceptives are preferred in breastfeeding women, especially during the first 4 weeks postpartum"
,breastfeeding,Information regarding the use of Doxacin OZ 200 mg/500 mg Tablet during breastfeeding is not available. Please consult your doctor.
,breastfeeding,Divaltec 250mg Tablet ER is safe to use during breastfeeding. Human studies suggest that the drug does not pass into the breastmilk in a significant amount and is not harmful to the baby.
,breastfeeding,DavaIndia Azithromycin 250mg Tablet is safe to use during breastfeeding. Human studies suggest that the drug does not pass into the breastmilk in a significant amount and is not harmful to the baby.<BR>There may be a possibility of diarrhea or rash in the baby.
,breastfeeding,DavaIndia Glimepiride 2mg Tablet is probably safe to use during breastfeeding. Limited human data suggests that the drug does not represent any significant risk to the baby.<BR>Monitoring of the breastfed infant's blood glucose is advisable during maternal therapy with DavaIndia Glimepiride 2mg Tablet
,breastfeeding,Information regarding the use of Debrox Syrup during breastfeeding is not available. Please consult your doctor.
,breastfeeding,Derox 150mg Tablet is safe to use during breastfeeding. Human studies suggest that the drug does not pass into the breastmilk in a significant amount and is not harmful to the baby.
,breastfeeding,Defenac 100mg Tablet SR is probably safe to use during breastfeeding. Limited human data suggests that the drug does not represent any significant risk to the baby.
,,
,breastfeeding,Diclopex Plus 50mg/325mg Tablet is probably safe to use during breastfeeding. Limited human data suggests that the drug does not represent any significant risk to the baby.
,breastfeeding,Information regarding the use of DavaIndia Nicorandil 10mg Tablet ER during breastfeeding is not available. Please consult your doctor.
,breastfeeding,Information regarding the use of Dovy-A Tablet during breastfeeding is not available. Please consult your doctor.
,breastfeeding,Delexit-N Tablet is probably unsafe to use during breastfeeding. Limited human data suggests that the drug may pass into the breastmilk and harm the baby.
,breastfeeding,Dextrom Syrup is probably safe to use during breastfeeding. Limited human data suggests that the drug does not represent any significant risk to the baby.
,breastfeeding,Daczim-OF Tablet is probably unsafe to use during breastfeeding. Limited human data suggests that the drug may pass into the breastmilk and harm the baby.
,breastfeeding,Doncorate 250mg Tablet ER is safe to use during breastfeeding. Human studies suggest that the drug does not pass into the breastmilk in a significant amount and is not harmful to the baby.
,breastfeeding,D.D.Pramine 10mg Tablet is probably unsafe to use during breastfeeding. Limited human data suggests that the drug may pass into the breastmilk and harm the baby.
,breastfeeding,Information regarding the use of Dolotus P Tablet during breastfeeding is not available. Please consult your doctor.
,breastfeeding,Information regarding the use of DPS 2 Tablet during breastfeeding is not available. Please consult your doctor.
,breastfeeding,Information regarding the use of Duzine 0.5mg Tablet during breastfeeding is not available. Please consult your doctor.
,breastfeeding,Diafer Forte Tablet ER is probably safe to use during breastfeeding. Limited human data suggests that the drug does not represent any significant risk to the baby.
,breastfeeding,Doxipreg 10mg/10mg Tablet is probably safe to use during breastfeeding. Limited human data suggests that the drug does not represent any significant risk to the baby.<BR>Larger doses or prolonged use of Doxipreg 10mg/10mg Tablet may cause sleepiness and other effects in the baby
,breastfeeding,Domicid 10 mg/20 mg Capsule is probably safe to use during breastfeeding. Limited human data suggests that the drug does not represent any significant risk to the baby.
,breastfeeding,Duotop 20mg/1.5mg Tablet is probably unsafe to use during breastfeeding. Limited human data suggests that the drug may pass into the breastmilk and harm the baby.
,breastfeeding,Delicita Tablet is probably unsafe to use during breastfeeding. Limited human data suggests that the drug may pass into the breastmilk and harm the baby.
,breastfeeding,Dolfre 1% Gel is probably safe to use during breastfeeding. Limited human data suggests that the drug does not represent any significant risk to the baby.
,breastfeeding,Drasol 40mg Injection is safe to use during breastfeeding. Human studies suggest that the drug does not pass into the breastmilk in a significant amount and is not harmful to the baby.
,breastfeeding,Information regarding the use of Dexcoff Syrup during breastfeeding is not available. Please consult your doctor.
,breastfeeding,Dior 500mg Tablet is probably safe to use during breastfeeding. Limited human data suggests that the drug does not represent any significant risk to the baby.
,breastfeeding,Information regarding the use of Doser 10mg Tablet during breastfeeding is not available. Please consult your doctor.
,breastfeeding,Information regarding the use of Diflam Dental Gel during breastfeeding is not available. Please consult your doctor.
,breastfeeding,DavaIndia Aspirin+Rosuvastatin+Clopidogrel 150mg/10mg/75mg Capsule is probably unsafe to use during breastfeeding. Limited human data suggests that the drug may pass into the breastmilk and harm the baby.
,breastfeeding,Doxic 10mg/10mg/2.5mg Tablet is probably safe to use during breastfeeding. Limited human data suggests that the drug does not represent any significant risk to the baby.<BR>Larger doses or prolonged use of Doxic 10mg/10mg/2.5mg Tablet may cause sleepiness and other effects in the baby
,,
,breastfeeding,Disocef O 200mg/200mg Tablet is probably unsafe to use during breastfeeding. Limited human data suggests that the drug may pass into the breastmilk and harm the baby.
,breastfeeding,Domeco 1500 Injection is safe to use during breastfeeding. Human studies suggest that the drug does not pass into the breastmilk in a significant amount and is not harmful to the baby.
,breastfeeding,Duke Soft Gelatin Capsule is safe to use during breastfeeding. Human studies suggest that the drug does not pass into the breastmilk in a significant amount and is not harmful to the baby.
,breastfeeding,Dactino 0.5mg Injection is probably unsafe to use during breastfeeding. Limited human data suggests that the drug may pass into the breastmilk and harm the baby.
,breastfeeding,Drmet G Drmet G2 Tablet SR is probably safe to use during breastfeeding. Limited human data suggests that the drug does not represent any significant risk to the baby.
,breastfeeding,Information regarding the use of Domar OX Suspension during breastfeeding is not available. Please consult your doctor.
,breastfeeding,Doner Capsule is probably safe to use during breastfeeding. Limited human data suggests that the drug does not represent any significant risk to the baby.
,,
,breastfeeding,Information regarding the use of Decdron 25mg Injection during breastfeeding is not available. Please consult your doctor.
,breastfeeding,Information regarding the use of Densera-D Tablet during breastfeeding is not available. Please consult your doctor.
,breastfeeding,Dutofeb 40mg Tablet is probably unsafe to use during breastfeeding. Limited human data suggests that the drug may pass into the breastmilk and harm the baby.
,breastfeeding,Doxyrin 100mg Tablet is probably safe to use during breastfeeding. Limited human data suggests that the drug does not represent any significant risk to the baby.
,breastfeeding,Dicon 50mg Capsule is probably safe to use during breastfeeding. Limited human data suggests that the drug does not represent any significant risk to the baby.
,breastfeeding,Information regarding the use of Decofed X Syrup during breastfeeding is not available. Please consult your doctor.
,breastfeeding,Information regarding the use of Dicolin 50mg Injection during breastfeeding is not available. Please consult your doctor.
,breastfeeding,Desloriv 5mg Tablet is safe to use during breastfeeding. Human studies suggest that the drug does not pass into the breastmilk in a significant amount and is not harmful to the baby.
,breastfeeding,Dipromild 0.0125% Cream is probably safe to use during breastfeeding. Limited human data suggests that the drug does not represent any significant risk to the baby.
,breastfeeding,Information regarding the use of Dilocus LS Syrup during breastfeeding is not available. Please consult your doctor.
,breastfeeding,Defender 1gm/0.2gm Injection is safe to use during breastfeeding. Human studies suggest that the drug does not pass into the breastmilk in a significant amount and is not harmful to the baby.
,breastfeeding,Ditocet 5mg Tablet is probably safe to use during breastfeeding. Limited human data suggests that the drug does not represent any significant risk to the baby.<BR>Larger doses or more prolonged use of Ditocet 5mg Tablet may cause drowsiness and other effects in the baby or decrease the milk supply
,,
,breastfeeding,Dare 500mg Tablet is safe to use during breastfeeding. Human studies suggest that the drug does not pass into the breastmilk in a significant amount and is not harmful to the baby.<BR>There may be a possibility of diarrhea or rash in the baby.
,breastfeeding,Dyazide 250mg Injection is safe to use during breastfeeding. Human studies suggest that the drug does not pass into the breastmilk in a significant amount and is not harmful to the baby.
,breastfeeding,Information regarding the use of Dexcol AX Syrup during breastfeeding is not available. Please consult your doctor.
