pregnancy_0,pregnancy_1
pregnancy,Information regarding the use of Andre I-Kul Eye Drop during pregnancy is not available. Please consult your doctor.
pregnancy,"Atonide Gel may be unsafe to use during pregnancy. Although there are limited studies in humans, animal studies have shown harmful effects on the developing baby. Your doctor will weigh the benefits and any potential risks before prescribing it to you. Please consult your doctor."
pregnancy,"Afogatran 150 Capsule may be unsafe to use during pregnancy. Although there are limited studies in humans, animal studies have shown harmful effects on the developing baby. Your doctor will weigh the benefits and any potential risks before prescribing it to you. Please consult your doctor."
pregnancy,Information regarding the use of Actapro Tablet during pregnancy is not available. Please consult your doctor.
pregnancy,"Arip MT 5 Tablet may be unsafe to use during pregnancy. Although there are limited studies in humans, animal studies have shown harmful effects on the developing baby. Your doctor will weigh the benefits and any potential risks before prescribing it to you. Please consult your doctor."
pregnancy,Information regarding the use of Acemiz -MR Tablet during pregnancy is not available. Please consult your doctor.
pregnancy,"Amphotin Lip 50mg Injection is generally considered safe to use during pregnancy. Animal studies have shown low or no adverse effects to the developing baby; however, there are limited human studies. "
pregnancy,Information regarding the use of Afoglip M  1000 Tablet ER during pregnancy is not available. Please consult your doctor.
pregnancy,Information regarding the use of Acnicort Gel during pregnancy is not available. Please consult your doctor.
pregnancy,"Apriglim-M 2 Tablet PR may be unsafe to use during pregnancy. Although there are limited studies in humans, animal studies have shown harmful effects on the developing baby. Your doctor will weigh the benefits and any potential risks before prescribing it to you. Please consult your doctor."
pregnancy,"Azilin 500mg Tablet is generally considered safe to use during pregnancy. Animal studies have shown low or no adverse effects to the developing baby; however, there are limited human studies. "
pregnancy,"Aztel Trio 40mg/5mg/12.5mg Tablet is unsafe to use during pregnancy as there is definite evidence of risk to the developing baby. However, the doctor may rarely prescribe it in some life-threatening situations if the benefits are more than the potential risks. Please consult your doctor. "
pregnancy,"Alcinac Spas 80mg/100mg Tablet may be unsafe to use during pregnancy. Although there are limited studies in humans, animal studies have shown harmful effects on the developing baby. Your doctor will weigh the benefits and any potential risks before prescribing it to you. Please consult your doctor."
pregnancy,Abiratas 500mg Tablet is highly unsafe to use during pregnancy. Seek your doctor's advice as studies on pregnant women and animals have shown significant harmful effects to the developing baby.
pregnancy,"Aldecef 200mg Tablet is generally considered safe to use during pregnancy. Animal studies have shown low or no adverse effects to the developing baby; however, there are limited human studies. "
pregnancy,Information regarding the use of Arophyll-M Tablet SR during pregnancy is not available. Please consult your doctor.
pregnancy,"Alertac-A Tablet may be unsafe to use during pregnancy. Although there are limited studies in humans, animal studies have shown harmful effects on the developing baby. Your doctor will weigh the benefits and any potential risks before prescribing it to you. Please consult your doctor."
pregnancy,"Allerhin D Plus 120mg Tablet may be unsafe to use during pregnancy. Although there are limited studies in humans, animal studies have shown harmful effects on the developing baby. Your doctor will weigh the benefits and any potential risks before prescribing it to you. Please consult your doctor."
pregnancy,"Afdiloc 300mg Tablet is generally considered safe to use during pregnancy. Animal studies have shown low or no adverse effects to the developing baby; however, there are limited human studies. "
pregnancy,AVN Plus Tablet is safe to use during pregnancy. Most studies have shown low or no risk to the developing baby.
pregnancy,"Aziwok 500mg Injection is generally considered safe to use during pregnancy. Animal studies have shown low or no adverse effects to the developing baby; however, there are limited human studies. "
pregnancy,Information regarding the use of Axonrich Tablet during pregnancy is not available. Please consult your doctor.
pregnancy,"Aziron 500mg Tablet is generally considered safe to use during pregnancy. Animal studies have shown low or no adverse effects to the developing baby; however, there are limited human studies. "
pregnancy,"Averm Plus 12mg Tablet may be unsafe to use during pregnancy. Although there are limited studies in humans, animal studies have shown harmful effects on the developing baby. Your doctor will weigh the benefits and any potential risks before prescribing it to you. Please consult your doctor."
pregnancy,"Arrestin  P 100mg/500mg Tablet may be unsafe to use during pregnancy. Although there are limited studies in humans, animal studies have shown harmful effects on the developing baby. Your doctor will weigh the benefits and any potential risks before prescribing it to you. Please consult your doctor."
pregnancy,"Amchek-Z Tablet is unsafe to use during pregnancy as there is definite evidence of risk to the developing baby. However, the doctor may rarely prescribe it in some life-threatening situations if the benefits are more than the potential risks. Please consult your doctor. "
pregnancy,"Aclofen S Tablet may be unsafe to use during pregnancy. Although there are limited studies in humans, animal studies have shown harmful effects on the developing baby. Your doctor will weigh the benefits and any potential risks before prescribing it to you. Please consult your doctor."
pregnancy,"Arch L Forte Tablet may be unsafe to use during pregnancy. Although there are limited studies in humans, animal studies have shown harmful effects on the developing baby. Your doctor will weigh the benefits and any potential risks before prescribing it to you. Please consult your doctor."
liver,Aristomox 125mg Tablet is safe to use in patients with liver disease. No dose adjustment of Aristomox 125mg Tablet is recommended.
pregnancy,"Anthro 100 mg/500 mg Tablet may be unsafe to use during pregnancy. Although there are limited studies in humans, animal studies have shown harmful effects on the developing baby. Your doctor will weigh the benefits and any potential risks before prescribing it to you. Please consult your doctor."
pregnancy,"Amvalor Chrono 300 Tablet CR is unsafe to use during pregnancy as there is definite evidence of risk to the developing baby. However, the doctor may rarely prescribe it in some life-threatening situations if the benefits are more than the potential risks. Please consult your doctor. "
pregnancy,"Aceflam 100mg/500mg Tablet may be unsafe to use during pregnancy. Although there are limited studies in humans, animal studies have shown harmful effects on the developing baby. Your doctor will weigh the benefits and any potential risks before prescribing it to you. Please consult your doctor."
pregnancy,"Arodyl Syrup may be unsafe to use during pregnancy. Although there are limited studies in humans, animal studies have shown harmful effects on the developing baby. Your doctor will weigh the benefits and any potential risks before prescribing it to you. Please consult your doctor."
pregnancy,"Arpan 40mg Tablet may be unsafe to use during pregnancy. Although there are limited studies in humans, animal studies have shown harmful effects on the developing baby. Your doctor will weigh the benefits and any potential risks before prescribing it to you. Please consult your doctor."
pregnancy,"Azutan CT 40/12.5 Tablet is unsafe to use during pregnancy as there is definite evidence of risk to the developing baby. However, the doctor may rarely prescribe it in some life-threatening situations if the benefits are more than the potential risks. Please consult your doctor. "
pregnancy,"AL 5mg Tablet is generally considered safe to use during pregnancy. Animal studies have shown low or no adverse effects to the developing baby; however, there are limited human studies. "
pregnancy,"Adequet SR 100 Tablet may be unsafe to use during pregnancy. Although there are limited studies in humans, animal studies have shown harmful effects on the developing baby. Your doctor will weigh the benefits and any potential risks before prescribing it to you. Please consult your doctor."
pregnancy,"Acronil-OD 400 Tablet ER may be unsafe to use during pregnancy. Although there are limited studies in humans, animal studies have shown harmful effects on the developing baby. Your doctor will weigh the benefits and any potential risks before prescribing it to you. Please consult your doctor."
pregnancy,"Acsolve H Gel may be unsafe to use during pregnancy. Although there are limited studies in humans, animal studies have shown harmful effects on the developing baby. Your doctor will weigh the benefits and any potential risks before prescribing it to you. Please consult your doctor."
pregnancy,"Acetal SP 100 mg/500 mg/15 mg Tablet may be unsafe to use during pregnancy. Although there are limited studies in humans, animal studies have shown harmful effects on the developing baby. Your doctor will weigh the benefits and any potential risks before prescribing it to you. Please consult your doctor."
pregnancy,"Azix 250mg Tablet DT is generally considered safe to use during pregnancy. Animal studies have shown low or no adverse effects to the developing baby; however, there are limited human studies. "
pregnancy,"Autocort 6mg Tablet may be unsafe to use during pregnancy. Although there are limited studies in humans, animal studies have shown harmful effects on the developing baby. Your doctor will weigh the benefits and any potential risks before prescribing it to you. Please consult your doctor."
pregnancy,"Acitec D 10mg/20mg Capsule may be unsafe to use during pregnancy. Although there are limited studies in humans, animal studies have shown harmful effects on the developing baby. Your doctor will weigh the benefits and any potential risks before prescribing it to you. Please consult your doctor."
pregnancy,"Aaram Tablet is unsafe to use during pregnancy as there is definite evidence of risk to the developing baby. However, the doctor may rarely prescribe it in some life-threatening situations if the benefits are more than the potential risks. Please consult your doctor. "
pregnancy,Information regarding the use of Axid O Suspension during pregnancy is not available. Please consult your doctor.
pregnancy,Atorvacare F 10mg/160mg Tablet is highly unsafe to use during pregnancy. Seek your doctor's advice as studies on pregnant women and animals have shown significant harmful effects to the developing baby.
pregnancy,"Aquatel CH 40mg/12.5mg Tablet is unsafe to use during pregnancy as there is definite evidence of risk to the developing baby. However, the doctor may rarely prescribe it in some life-threatening situations if the benefits are more than the potential risks. Please consult your doctor. "
pregnancy,"Algic MR 100mg/4mg Tablet may be unsafe to use during pregnancy. Although there are limited studies in humans, animal studies have shown harmful effects on the developing baby. Your doctor will weigh the benefits and any potential risks before prescribing it to you. Please consult your doctor."
pregnancy,"Acetol 200mg Tablet CR is unsafe to use during pregnancy as there is definite evidence of risk to the developing baby. However, the doctor may rarely prescribe it in some life-threatening situations if the benefits are more than the potential risks. Please consult your doctor. "
pregnancy,"Almid Plus Tablet may be unsafe to use during pregnancy. Although there are limited studies in humans, animal studies have shown harmful effects on the developing baby. Your doctor will weigh the benefits and any potential risks before prescribing it to you. Please consult your doctor."
pregnancy,"Acepep SP Tablet may be unsafe to use during pregnancy. Although there are limited studies in humans, animal studies have shown harmful effects on the developing baby. Your doctor will weigh the benefits and any potential risks before prescribing it to you. Please consult your doctor."
pregnancy,"Aceros 100mg Tablet may be unsafe to use during pregnancy. Although there are limited studies in humans, animal studies have shown harmful effects on the developing baby. Your doctor will weigh the benefits and any potential risks before prescribing it to you. Please consult your doctor."
pregnancy,"Altacef 750mg Injection is generally considered safe to use during pregnancy. Animal studies have shown low or no adverse effects to the developing baby; however, there are limited human studies. "
pregnancy,"Alpan D 10mg/40mg Tablet may be unsafe to use during pregnancy. Although there are limited studies in humans, animal studies have shown harmful effects on the developing baby. Your doctor will weigh the benefits and any potential risks before prescribing it to you. Please consult your doctor."
pregnancy,"Aldo 10 Tablet may be unsafe to use during pregnancy. Although there are limited studies in humans, animal studies have shown harmful effects on the developing baby. Your doctor will weigh the benefits and any potential risks before prescribing it to you. Please consult your doctor."
pregnancy,"Alpenta 40mg Tablet may be unsafe to use during pregnancy. Although there are limited studies in humans, animal studies have shown harmful effects on the developing baby. Your doctor will weigh the benefits and any potential risks before prescribing it to you. Please consult your doctor."
pregnancy,"Avipanta 40mg Injection may be unsafe to use during pregnancy. Although there are limited studies in humans, animal studies have shown harmful effects on the developing baby. Your doctor will weigh the benefits and any potential risks before prescribing it to you. Please consult your doctor."
pregnancy,Atorstin CV 20mg/75mg Capsule is highly unsafe to use during pregnancy. Seek your doctor's advice as studies on pregnant women and animals have shown significant harmful effects to the developing baby.
pregnancy,"Aptacid Tablet may be unsafe to use during pregnancy. Although there are limited studies in humans, animal studies have shown harmful effects on the developing baby. Your doctor will weigh the benefits and any potential risks before prescribing it to you. Please consult your doctor."
pregnancy,"Acelopat SP 100mg/325mg/15mg Tablet may be unsafe to use during pregnancy. Although there are limited studies in humans, animal studies have shown harmful effects on the developing baby. Your doctor will weigh the benefits and any potential risks before prescribing it to you. Please consult your doctor."
pregnancy,"Asmotone SP Syrup may be unsafe to use during pregnancy. Although there are limited studies in humans, animal studies have shown harmful effects on the developing baby. Your doctor will weigh the benefits and any potential risks before prescribing it to you. Please consult your doctor."
pregnancy,Information regarding the use of Acosha 100mg Tablet during pregnancy is not available. Please consult your doctor.
pregnancy,"Amlomet 5mg/50mg Tablet may be unsafe to use during pregnancy. Although there are limited studies in humans, animal studies have shown harmful effects on the developing baby. Your doctor will weigh the benefits and any potential risks before prescribing it to you. Please consult your doctor."
pregnancy,"Addicef 500mg Tablet is generally considered safe to use during pregnancy. Animal studies have shown low or no adverse effects to the developing baby; however, there are limited human studies. "
pregnancy,"Anspas Forte 500mg/450mg Tablet may be unsafe to use during pregnancy. Although there are limited studies in humans, animal studies have shown harmful effects on the developing baby. Your doctor will weigh the benefits and any potential risks before prescribing it to you. Please consult your doctor."
pregnancy,"Actibile 600 SR Tablet is generally considered safe to use during pregnancy. Animal studies have shown low or no adverse effects to the developing baby; however, there are limited human studies. "
pregnancy,"Anastrocare 1mg Tablet is unsafe to use during pregnancy as there is definite evidence of risk to the developing baby. However, the doctor may rarely prescribe it in some life-threatening situations if the benefits are more than the potential risks. Please consult your doctor. "
pregnancy,Altrip 10mg Tablet is highly unsafe to use during pregnancy. Seek your doctor's advice as studies on pregnant women and animals have shown significant harmful effects to the developing baby.
pregnancy,"Amlong 7.5mg Tablet may be unsafe to use during pregnancy. Although there are limited studies in humans, animal studies have shown harmful effects on the developing baby. Your doctor will weigh the benefits and any potential risks before prescribing it to you. Please consult your doctor."
pregnancy,"Altodin 10mg Tablet is generally considered safe to use during pregnancy. Animal studies have shown low or no adverse effects to the developing baby; however, there are limited human studies. "
pregnancy,Information regarding the use of Augustin Tablet during pregnancy is not available. Please consult your doctor.
pregnancy,"Alzolid 600mg Infusion may be unsafe to use during pregnancy. Although there are limited studies in humans, animal studies have shown harmful effects on the developing baby. Your doctor will weigh the benefits and any potential risks before prescribing it to you. Please consult your doctor."
pregnancy,"Advark-SP Tablet may be unsafe to use during pregnancy. Although there are limited studies in humans, animal studies have shown harmful effects on the developing baby. Your doctor will weigh the benefits and any potential risks before prescribing it to you. Please consult your doctor."
pregnancy,"Alprop 0.25 mg/20 mg Tablet is unsafe to use during pregnancy as there is definite evidence of risk to the developing baby. However, the doctor may rarely prescribe it in some life-threatening situations if the benefits are more than the potential risks. Please consult your doctor. "
pregnancy,"Azopar SP 100mg/325mg/10mg Tablet may be unsafe to use during pregnancy. Although there are limited studies in humans, animal studies have shown harmful effects on the developing baby. Your doctor will weigh the benefits and any potential risks before prescribing it to you. Please consult your doctor."
liver,Alzad 200mg Suspension should be used with caution in patients with liver disease. Dose adjustment of Alzad 200mg Suspension may be needed. Please consult your doctor.<BR>Alzad 200mg Suspension may cause elevated levels of enzymes in the liver. Monitoring of liver function tests (LFT) and complete blood count (CBC) is recommended while your child is taking this medicine.
pregnancy,"Avilan 40mg Tablet SR is generally considered safe to use during pregnancy. Animal studies have shown low or no adverse effects to the developing baby; however, there are limited human studies. "
pregnancy,"Acroflu 150mg Tablet is unsafe to use during pregnancy as there is definite evidence of risk to the developing baby. However, the doctor may rarely prescribe it in some life-threatening situations if the benefits are more than the potential risks. Please consult your doctor. "
pregnancy,"Ab Penem 200mg Tablet may be unsafe to use during pregnancy. Although there are limited studies in humans, animal studies have shown harmful effects on the developing baby. Your doctor will weigh the benefits and any potential risks before prescribing it to you. Please consult your doctor."
pregnancy,"Arti Nate 50mg Tablet may be unsafe to use during pregnancy. Although there are limited studies in humans, animal studies have shown harmful effects on the developing baby. Your doctor will weigh the benefits and any potential risks before prescribing it to you. Please consult your doctor."
pregnancy,"Aziden 500mg Tablet is generally considered safe to use during pregnancy. Animal studies have shown low or no adverse effects to the developing baby; however, there are limited human studies. "
liver,"Aziter 200mg/5ml Suspension should be used with caution in patients with liver disease. Dose adjustment of Aziter 200mg/5ml Suspension may be needed. Please consult your doctor.<BR>However, discontinue immediately if signs or symptoms of hepatitis like vomiting, paleness, and weakness are observed."
pregnancy,"Acogesic-P 100mg/325mg Tablet may be unsafe to use during pregnancy. Although there are limited studies in humans, animal studies have shown harmful effects on the developing baby. Your doctor will weigh the benefits and any potential risks before prescribing it to you. Please consult your doctor."
pregnancy,"Amgrace 200mg Tablet may be unsafe to use during pregnancy. Although there are limited studies in humans, animal studies have shown harmful effects on the developing baby. Your doctor will weigh the benefits and any potential risks before prescribing it to you. Please consult your doctor."
pregnancy,"Albigesic Forte Tablet may be unsafe to use during pregnancy. Although there are limited studies in humans, animal studies have shown harmful effects on the developing baby. Your doctor will weigh the benefits and any potential risks before prescribing it to you. Please consult your doctor."
pregnancy,"Avopan-D 10mg/40mg Tablet may be unsafe to use during pregnancy. Although there are limited studies in humans, animal studies have shown harmful effects on the developing baby. Your doctor will weigh the benefits and any potential risks before prescribing it to you. Please consult your doctor."
pregnancy,Information regarding the use of Aceclean Ear Wax Drop during pregnancy is not available. Please consult your doctor.
pregnancy,"Aroget DX Syrup American Ice Cream may be unsafe to use during pregnancy. Although there are limited studies in humans, animal studies have shown harmful effects on the developing baby. Your doctor will weigh the benefits and any potential risks before prescribing it to you. Please consult your doctor."
pregnancy,Information regarding the use of Apcyp-T Syrup during pregnancy is not available. Please consult your doctor.
pregnancy,"Albact 500mg Tablet is generally considered safe to use during pregnancy. Animal studies have shown low or no adverse effects to the developing baby; however, there are limited human studies. "
pregnancy,"Acent TZ 100mg/2mg Tablet may be unsafe to use during pregnancy. Although there are limited studies in humans, animal studies have shown harmful effects on the developing baby. Your doctor will weigh the benefits and any potential risks before prescribing it to you. Please consult your doctor."
liver,Amox CL 200 mg/28.5 mg Syrup should be used with caution in patients with liver disease. Dose adjustment of Amox CL 200 mg/28.5 mg Syrup may be needed. Please consult your doctor.<BR>Regular monitoring of liver function tests is recommended while you are taking this medicine
pregnancy,"Artefan 80mg/480mg Tablet may be unsafe to use during pregnancy. Although there are limited studies in humans, animal studies have shown harmful effects on the developing baby. Your doctor will weigh the benefits and any potential risks before prescribing it to you. Please consult your doctor."
pregnancy,"Azisite 1% Eye Ointment is generally considered safe to use during pregnancy. Animal studies have shown low or no adverse effects to the developing baby; however, there are limited human studies. "
pregnancy,Agafin Tablet is highly unsafe to use during pregnancy. Seek your doctor's advice as studies on pregnant women and animals have shown significant harmful effects to the developing baby.
pregnancy,"Abirab DSR Capsule may be unsafe to use during pregnancy. Although there are limited studies in humans, animal studies have shown harmful effects on the developing baby. Your doctor will weigh the benefits and any potential risks before prescribing it to you. Please consult your doctor."
pregnancy,"Acnechio-BP Gel may be unsafe to use during pregnancy. Although there are limited studies in humans, animal studies have shown harmful effects on the developing baby. Your doctor will weigh the benefits and any potential risks before prescribing it to you. Please consult your doctor."
pregnancy,"Azim 500mg Tablet is generally considered safe to use during pregnancy. Animal studies have shown low or no adverse effects to the developing baby; however, there are limited human studies. "
pregnancy,"Andep 10 mg/1 mg Tablet is unsafe to use during pregnancy as there is definite evidence of risk to the developing baby. However, the doctor may rarely prescribe it in some life-threatening situations if the benefits are more than the potential risks. Please consult your doctor. "
pregnancy,Information regarding the use of Aver 8mg Tablet during pregnancy is not available. Please consult your doctor.
pregnancy,"Argex 250mg Capsule is generally considered safe to use during pregnancy. Animal studies have shown low or no adverse effects to the developing baby; however, there are limited human studies. "
pregnancy,Information regarding the use of Apgain Syrup during pregnancy is not available. Please consult your doctor.
pregnancy,"Amphyl D 400mg/30mg Tablet may be unsafe to use during pregnancy. Although there are limited studies in humans, animal studies have shown harmful effects on the developing baby. Your doctor will weigh the benefits and any potential risks before prescribing it to you. Please consult your doctor."
pregnancy,"Amigatin LS 100mg/10mg Tablet may be unsafe to use during pregnancy. Although there are limited studies in humans, animal studies have shown harmful effects on the developing baby. Your doctor will weigh the benefits and any potential risks before prescribing it to you. Please consult your doctor."
pregnancy,"Avilpro D 10mg/20mg Capsule may be unsafe to use during pregnancy. Although there are limited studies in humans, animal studies have shown harmful effects on the developing baby. Your doctor will weigh the benefits and any potential risks before prescribing it to you. Please consult your doctor."
pregnancy,"Apenta 40mg Tablet may be unsafe to use during pregnancy. Although there are limited studies in humans, animal studies have shown harmful effects on the developing baby. Your doctor will weigh the benefits and any potential risks before prescribing it to you. Please consult your doctor."
pregnancy,Information regarding the use of Angenec Plus 250 mg/50 mg/325 mg Tablet during pregnancy is not available. Please consult your doctor.
liver,"Alice 125mg/5ml Syrup should be used with caution in patients with liver disease. Dose adjustment of Alice 125mg/5ml Syrup may be needed. Please consult your doctor.<BR>However, the use of Alice 125mg/5ml Syrup is not recommended in children with severe liver disease and active liver disease."
liver,"Acufix 50mg Tablet DT is safe to use in patients with liver disease. No dose adjustment of Acufix 50mg Tablet DT is recommended.<BR>However, consult with your child’s doctor before giving Acufix 50mg Tablet DT to your child in case of a severe form of liver disease."
pregnancy,"Ambro TS Tablet may be unsafe to use during pregnancy. Although there are limited studies in humans, animal studies have shown harmful effects on the developing baby. Your doctor will weigh the benefits and any potential risks before prescribing it to you. Please consult your doctor."
pregnancy,"Azigon 500mg Tablet is generally considered safe to use during pregnancy. Animal studies have shown low or no adverse effects to the developing baby; however, there are limited human studies. "
pregnancy,"Aparin 50mg Tablet is unsafe to use during pregnancy as there is definite evidence of risk to the developing baby. However, the doctor may rarely prescribe it in some life-threatening situations if the benefits are more than the potential risks. Please consult your doctor. "
pregnancy,"Arive 20mg Tablet may be unsafe to use during pregnancy. Although there are limited studies in humans, animal studies have shown harmful effects on the developing baby. Your doctor will weigh the benefits and any potential risks before prescribing it to you. Please consult your doctor."
pregnancy,"Actsone F Cream may be unsafe to use during pregnancy. Although there are limited studies in humans, animal studies have shown harmful effects on the developing baby. Your doctor will weigh the benefits and any potential risks before prescribing it to you. Please consult your doctor."
pregnancy,"Ambimet XL 50 Tablet may be unsafe to use during pregnancy. Although there are limited studies in humans, animal studies have shown harmful effects on the developing baby. Your doctor will weigh the benefits and any potential risks before prescribing it to you. Please consult your doctor."
pregnancy,"Abclopid A 150 Capsule is unsafe to use during pregnancy as there is definite evidence of risk to the developing baby. However, the doctor may rarely prescribe it in some life-threatening situations if the benefits are more than the potential risks. Please consult your doctor. "
pregnancy,"Amwel 5mg Tablet may be unsafe to use during pregnancy. Although there are limited studies in humans, animal studies have shown harmful effects on the developing baby. Your doctor will weigh the benefits and any potential risks before prescribing it to you. Please consult your doctor."
pregnancy,"Anxizam Plus 0.5 mg/25 mg Tablet is unsafe to use during pregnancy as there is definite evidence of risk to the developing baby. However, the doctor may rarely prescribe it in some life-threatening situations if the benefits are more than the potential risks. Please consult your doctor. "
pregnancy,"Apkolin 250 Capsule is generally considered safe to use during pregnancy. Animal studies have shown low or no adverse effects to the developing baby; however, there are limited human studies. "
pregnancy,"Abijem-DSR Capsule may be unsafe to use during pregnancy. Although there are limited studies in humans, animal studies have shown harmful effects on the developing baby. Your doctor will weigh the benefits and any potential risks before prescribing it to you. Please consult your doctor."
pregnancy,Atoran F 10mg/160mg Tablet is highly unsafe to use during pregnancy. Seek your doctor's advice as studies on pregnant women and animals have shown significant harmful effects to the developing baby.
pregnancy,"Acetec-P Tablet may be unsafe to use during pregnancy. Although there are limited studies in humans, animal studies have shown harmful effects on the developing baby. Your doctor will weigh the benefits and any potential risks before prescribing it to you. Please consult your doctor."
pregnancy,"Anicob Cream may be unsafe to use during pregnancy. Although there are limited studies in humans, animal studies have shown harmful effects on the developing baby. Your doctor will weigh the benefits and any potential risks before prescribing it to you. Please consult your doctor."
pregnancy,"Aktilax Syrup is generally considered safe to use during pregnancy. Animal studies have shown low or no adverse effects to the developing baby; however, there are limited human studies. "
pregnancy,"Anze 5mg Tablet is unsafe to use during pregnancy as there is definite evidence of risk to the developing baby. However, the doctor may rarely prescribe it in some life-threatening situations if the benefits are more than the potential risks. Please consult your doctor. "
pregnancy,"Amlojack 2.5mg Tablet may be unsafe to use during pregnancy. Although there are limited studies in humans, animal studies have shown harmful effects on the developing baby. Your doctor will weigh the benefits and any potential risks before prescribing it to you. Please consult your doctor."
pregnancy,Information regarding the use of Appimet Syrup during pregnancy is not available. Please consult your doctor.
pregnancy,Information regarding the use of Aceros MR 100mg/325mg/250mg Tablet during pregnancy is not available. Please consult your doctor.
pregnancy,"Amoxy A Forte Capsule is generally considered safe to use during pregnancy. Animal studies have shown low or no adverse effects to the developing baby; however, there are limited human studies. "
pregnancy,Information regarding the use of Adcef LB Tablet during pregnancy is not available. Please consult your doctor.
pregnancy,"Avilox Suspension may be unsafe to use during pregnancy. Although there are limited studies in humans, animal studies have shown harmful effects on the developing baby. Your doctor will weigh the benefits and any potential risks before prescribing it to you. Please consult your doctor."
pregnancy,"Aktilor 5mg Tablet may be unsafe to use during pregnancy. Although there are limited studies in humans, animal studies have shown harmful effects on the developing baby. Your doctor will weigh the benefits and any potential risks before prescribing it to you. Please consult your doctor."
pregnancy,"Avderm Ointment may be unsafe to use during pregnancy. Although there are limited studies in humans, animal studies have shown harmful effects on the developing baby. Your doctor will weigh the benefits and any potential risks before prescribing it to you. Please consult your doctor."
pregnancy,"Akticet L 5mg Tablet is generally considered safe to use during pregnancy. Animal studies have shown low or no adverse effects to the developing baby; however, there are limited human studies. "
pregnancy,"Antec 150mg Tablet is generally considered safe to use during pregnancy. Animal studies have shown low or no adverse effects to the developing baby; however, there are limited human studies. "
pregnancy,Information regarding the use of Alrax 10mg Syrup during pregnancy is not available. Please consult your doctor.
pregnancy,Aknea 10 Softgel Capsule is highly unsafe to use during pregnancy. Seek your doctor's advice as studies on pregnant women and animals have shown significant harmful effects to the developing baby.
pregnancy,"Atline 100mg Tablet may be unsafe to use during pregnancy. Although there are limited studies in humans, animal studies have shown harmful effects on the developing baby. Your doctor will weigh the benefits and any potential risks before prescribing it to you. Please consult your doctor."
pregnancy,Information regarding the use of Asicryl 1000 mg/20 mg Suspension during pregnancy is not available. Please consult your doctor.
pregnancy,"Aggrifib Injection is generally considered safe to use during pregnancy. Animal studies have shown low or no adverse effects to the developing baby; however, there are limited human studies. "
pregnancy,Information regarding the use of Acephil 100mg Capsule during pregnancy is not available. Please consult your doctor.
pregnancy,"Actiderm 100mg Capsule may be unsafe to use during pregnancy. Although there are limited studies in humans, animal studies have shown harmful effects on the developing baby. Your doctor will weigh the benefits and any potential risks before prescribing it to you. Please consult your doctor."
pregnancy,Information regarding the use of Axeldox 100 Capsule during pregnancy is not available. Please consult your doctor.
pregnancy,"Aksitram EF Effervescent Tablet may be unsafe to use during pregnancy. Although there are limited studies in humans, animal studies have shown harmful effects on the developing baby. Your doctor will weigh the benefits and any potential risks before prescribing it to you. Please consult your doctor."
pregnancy,"Alpra 0.5mg Tablet is unsafe to use during pregnancy as there is definite evidence of risk to the developing baby. However, the doctor may rarely prescribe it in some life-threatening situations if the benefits are more than the potential risks. Please consult your doctor. "
pregnancy,"Acefen Forte 400mg/600mg Tablet may be unsafe to use during pregnancy. Although there are limited studies in humans, animal studies have shown harmful effects on the developing baby. Your doctor will weigh the benefits and any potential risks before prescribing it to you. Please consult your doctor."
liver,"Azythr 200mg Oral Suspension should be used with caution in patients with liver disease. Dose adjustment of Azythr 200mg Oral Suspension may be needed. Please consult your doctor.<BR>Discontinue immediately if signs or symptoms of hepatitis like vomiting, paleness, and weakness are observed."
pregnancy,"Aclonec S 100mg/10mg Tablet may be unsafe to use during pregnancy. Although there are limited studies in humans, animal studies have shown harmful effects on the developing baby. Your doctor will weigh the benefits and any potential risks before prescribing it to you. Please consult your doctor."
liver,Alminth 200mg Syrup should be used with caution in patients with liver disease. Dose adjustment of Alminth 200mg Syrup may be needed. Please consult your doctor.<BR>Alminth 200mg Syrup may cause elevated levels of enzymes in the liver. Monitoring of liver function tests (LFT) and complete blood count (CBC) is recommended while your child is taking this medicine.
pregnancy,"Arive 25mg Tablet may be unsafe to use during pregnancy. Although there are limited studies in humans, animal studies have shown harmful effects on the developing baby. Your doctor will weigh the benefits and any potential risks before prescribing it to you. Please consult your doctor."
pregnancy,"Alpro Forte Tablet is unsafe to use during pregnancy as there is definite evidence of risk to the developing baby. However, the doctor may rarely prescribe it in some life-threatening situations if the benefits are more than the potential risks. Please consult your doctor. "
pregnancy,"Arexol P 30mg/4mg/500mg/5mg Tablet may be unsafe to use during pregnancy. Although there are limited studies in humans, animal studies have shown harmful effects on the developing baby. Your doctor will weigh the benefits and any potential risks before prescribing it to you. Please consult your doctor."
pregnancy,AM Slim 120mg Capsule is highly unsafe to use during pregnancy. Seek your doctor's advice as studies on pregnant women and animals have shown significant harmful effects to the developing baby.
pregnancy,"Aclomac SP 100mg/325mg/10mg Tablet may be unsafe to use during pregnancy. Although there are limited studies in humans, animal studies have shown harmful effects on the developing baby. Your doctor will weigh the benefits and any potential risks before prescribing it to you. Please consult your doctor."
pregnancy,"Aelxim 100 Dry Syrup is generally considered safe to use during pregnancy. Animal studies have shown low or no adverse effects to the developing baby; however, there are limited human studies. "
pregnancy,"Arest Eye Drop may be unsafe to use during pregnancy. Although there are limited studies in humans, animal studies have shown harmful effects on the developing baby. Your doctor will weigh the benefits and any potential risks before prescribing it to you. Please consult your doctor."
pregnancy,"Amoxy-DJ 250mg/250mg Capsule is generally considered safe to use during pregnancy. Animal studies have shown low or no adverse effects to the developing baby; however, there are limited human studies. "
pregnancy,"Amvio TS Tablet is unsafe to use during pregnancy as there is definite evidence of risk to the developing baby. However, the doctor may rarely prescribe it in some life-threatening situations if the benefits are more than the potential risks. Please consult your doctor. "
pregnancy,"Atecard 100mg Tablet is unsafe to use during pregnancy as there is definite evidence of risk to the developing baby. However, the doctor may rarely prescribe it in some life-threatening situations if the benefits are more than the potential risks. Please consult your doctor. "
pregnancy,"Alpraz 0.25mg Tablet is unsafe to use during pregnancy as there is definite evidence of risk to the developing baby. However, the doctor may rarely prescribe it in some life-threatening situations if the benefits are more than the potential risks. Please consult your doctor. "
pregnancy,Information regarding the use of Acef LB 200mg/60Million spores Tablet during pregnancy is not available. Please consult your doctor.
pregnancy,"Acirex 5mg/2.5mg Tablet is unsafe to use during pregnancy as there is definite evidence of risk to the developing baby. However, the doctor may rarely prescribe it in some life-threatening situations if the benefits are more than the potential risks. Please consult your doctor. "
pregnancy,"Alcibard Forte Tablet is generally considered safe to use during pregnancy. Animal studies have shown low or no adverse effects to the developing baby; however, there are limited human studies. "
pregnancy,"Allcold GO Tablet may be unsafe to use during pregnancy. Although there are limited studies in humans, animal studies have shown harmful effects on the developing baby. Your doctor will weigh the benefits and any potential risks before prescribing it to you. Please consult your doctor."
pregnancy,"Azeloc 250mg Tablet is generally considered safe to use during pregnancy. Animal studies have shown low or no adverse effects to the developing baby; however, there are limited human studies. "
pregnancy,"Atnol AM Tablet is unsafe to use during pregnancy as there is definite evidence of risk to the developing baby. However, the doctor may rarely prescribe it in some life-threatening situations if the benefits are more than the potential risks. Please consult your doctor. "
pregnancy,"Apar SP 100mg/500mg/15mg Tablet may be unsafe to use during pregnancy. Although there are limited studies in humans, animal studies have shown harmful effects on the developing baby. Your doctor will weigh the benefits and any potential risks before prescribing it to you. Please consult your doctor."
pregnancy,"Atokidz Lotion may be unsafe to use during pregnancy. Although there are limited studies in humans, animal studies have shown harmful effects on the developing baby. Your doctor will weigh the benefits and any potential risks before prescribing it to you. Please consult your doctor."
pregnancy,"Asmide 50mg Capsule may be unsafe to use during pregnancy. Although there are limited studies in humans, animal studies have shown harmful effects on the developing baby. Your doctor will weigh the benefits and any potential risks before prescribing it to you. Please consult your doctor."
pregnancy,"Azieg 250mg Tablet is generally considered safe to use during pregnancy. Animal studies have shown low or no adverse effects to the developing baby; however, there are limited human studies. "
pregnancy,"Acloheal SP 100mg/325mg/10mg Tablet may be unsafe to use during pregnancy. Although there are limited studies in humans, animal studies have shown harmful effects on the developing baby. Your doctor will weigh the benefits and any potential risks before prescribing it to you. Please consult your doctor."
pregnancy,"Aviglen 5mg Tablet is generally considered safe to use during pregnancy. Animal studies have shown low or no adverse effects to the developing baby; however, there are limited human studies. "
pregnancy,"Axiglim M 1mg Tablet may be unsafe to use during pregnancy. Although there are limited studies in humans, animal studies have shown harmful effects on the developing baby. Your doctor will weigh the benefits and any potential risks before prescribing it to you. Please consult your doctor."
pregnancy,"Azenap 10 Tablet is unsafe to use during pregnancy as there is definite evidence of risk to the developing baby. However, the doctor may rarely prescribe it in some life-threatening situations if the benefits are more than the potential risks. Please consult your doctor. "
pregnancy,"Acimax 100mg Tablet may be unsafe to use during pregnancy. Although there are limited studies in humans, animal studies have shown harmful effects on the developing baby. Your doctor will weigh the benefits and any potential risks before prescribing it to you. Please consult your doctor."
pregnancy,Information regarding the use of Aceline-LM Tablet during pregnancy is not available. Please consult your doctor.
pregnancy,"Alercold-Plus Tablet may be unsafe to use during pregnancy. Although there are limited studies in humans, animal studies have shown harmful effects on the developing baby. Your doctor will weigh the benefits and any potential risks before prescribing it to you. Please consult your doctor."
pregnancy,"Azifer 500mg Tablet is generally considered safe to use during pregnancy. Animal studies have shown low or no adverse effects to the developing baby; however, there are limited human studies. "
pregnancy,"Addpril 2.5 Tablet is unsafe to use during pregnancy as there is definite evidence of risk to the developing baby. However, the doctor may rarely prescribe it in some life-threatening situations if the benefits are more than the potential risks. Please consult your doctor. "
pregnancy,"Azofen T 200 mg/1 mg Tablet may be unsafe to use during pregnancy. Although there are limited studies in humans, animal studies have shown harmful effects on the developing baby. Your doctor will weigh the benefits and any potential risks before prescribing it to you. Please consult your doctor."
pregnancy,Atorfine 20mg Tablet is highly unsafe to use during pregnancy. Seek your doctor's advice as studies on pregnant women and animals have shown significant harmful effects to the developing baby.
pregnancy,"Acivas-SP Tablet may be unsafe to use during pregnancy. Although there are limited studies in humans, animal studies have shown harmful effects on the developing baby. Your doctor will weigh the benefits and any potential risks before prescribing it to you. Please consult your doctor."
pregnancy,Information regarding the use of Acesoft-MR Tablet during pregnancy is not available. Please consult your doctor.
pregnancy,"Aryl MR Tablet may be unsafe to use during pregnancy. Although there are limited studies in humans, animal studies have shown harmful effects on the developing baby. Your doctor will weigh the benefits and any potential risks before prescribing it to you. Please consult your doctor."
pregnancy,"Azion 250mg Tablet is generally considered safe to use during pregnancy. Animal studies have shown low or no adverse effects to the developing baby; however, there are limited human studies. "
liver,Amoxicorn-CV Dry Syrup should be used with caution in patients with liver disease. Dose adjustment of Amoxicorn-CV Dry Syrup may be needed. Please consult your doctor.<BR>Consult with your child’s doctor before giving Amoxicorn-CV Dry Syrup to your child in case of a severe form of liver disease.
pregnancy,Information regarding the use of Agonyx-MR Tablet during pregnancy is not available. Please consult your doctor.
pregnancy,Atorsyn 10mg Tablet is highly unsafe to use during pregnancy. Seek your doctor's advice as studies on pregnant women and animals have shown significant harmful effects to the developing baby.
pregnancy,Alnacef 1000mg Injection is safe to use during pregnancy. Most studies have shown low or no risk to the developing baby.
pregnancy,"Aticus SP 100mg/325mg/15mg Tablet may be unsafe to use during pregnancy. Although there are limited studies in humans, animal studies have shown harmful effects on the developing baby. Your doctor will weigh the benefits and any potential risks before prescribing it to you. Please consult your doctor."
pregnancy,"Astal 10mg Tablet may be unsafe to use during pregnancy. Although there are limited studies in humans, animal studies have shown harmful effects on the developing baby. Your doctor will weigh the benefits and any potential risks before prescribing it to you. Please consult your doctor."
pregnancy,Information regarding the use of Afen MR 100mg/325mg/250mg Tablet during pregnancy is not available. Please consult your doctor.
pregnancy,"Advadox 20mg Injection is unsafe to use during pregnancy as there is definite evidence of risk to the developing baby. However, the doctor may rarely prescribe it in some life-threatening situations if the benefits are more than the potential risks. Please consult your doctor. "
pregnancy,"Amibactin BD 500mg/600mg Tablet may be unsafe to use during pregnancy. Although there are limited studies in humans, animal studies have shown harmful effects on the developing baby. Your doctor will weigh the benefits and any potential risks before prescribing it to you. Please consult your doctor."
pregnancy,"Azin 250 Tablet is generally considered safe to use during pregnancy. Animal studies have shown low or no adverse effects to the developing baby; however, there are limited human studies. "
pregnancy,"Auctimet PG 2mg/500mg/15mg Tablet SR may be unsafe to use during pregnancy. Although there are limited studies in humans, animal studies have shown harmful effects on the developing baby. Your doctor will weigh the benefits and any potential risks before prescribing it to you. Please consult your doctor."
pregnancy,Information regarding the use of Abeolin 100 Capsule during pregnancy is not available. Please consult your doctor.
pregnancy,Information regarding the use of Alencit Plus 500mg/800mg Tablet during pregnancy is not available. Please consult your doctor.
pregnancy,Information regarding the use of Ansac-MR 100mg/325mg/250mg Tablet during pregnancy is not available. Please consult your doctor.
pregnancy,Information regarding the use of Alizol-IP 40mg/150mg Capsule SR during pregnancy is not available. Please consult your doctor.
pregnancy,"Ampilox 125 mg/125 mg Injection is generally considered safe to use during pregnancy. Animal studies have shown low or no adverse effects to the developing baby; however, there are limited human studies. "
pregnancy,"Acetrio-SP Tablet may be unsafe to use during pregnancy. Although there are limited studies in humans, animal studies have shown harmful effects on the developing baby. Your doctor will weigh the benefits and any potential risks before prescribing it to you. Please consult your doctor."
pregnancy,"Affopride 1mg Tablet may be unsafe to use during pregnancy. Although there are limited studies in humans, animal studies have shown harmful effects on the developing baby. Your doctor will weigh the benefits and any potential risks before prescribing it to you. Please consult your doctor."
pregnancy,"Achenil Plus 100mg/500mg Tablet may be unsafe to use during pregnancy. Although there are limited studies in humans, animal studies have shown harmful effects on the developing baby. Your doctor will weigh the benefits and any potential risks before prescribing it to you. Please consult your doctor."
pregnancy,"Antagon 40mg Tablet may be unsafe to use during pregnancy. Although there are limited studies in humans, animal studies have shown harmful effects on the developing baby. Your doctor will weigh the benefits and any potential risks before prescribing it to you. Please consult your doctor."
pregnancy,"Azinol 250mg Tablet is generally considered safe to use during pregnancy. Animal studies have shown low or no adverse effects to the developing baby; however, there are limited human studies. "
pregnancy,"Apex Plus 0.25mg/20mg Tablet is unsafe to use during pregnancy as there is definite evidence of risk to the developing baby. However, the doctor may rarely prescribe it in some life-threatening situations if the benefits are more than the potential risks. Please consult your doctor. "
pregnancy,"Ase Plus 50mg/10mg Tablet is unsafe to use during pregnancy as there is definite evidence of risk to the developing baby. However, the doctor may rarely prescribe it in some life-threatening situations if the benefits are more than the potential risks. Please consult your doctor. "
pregnancy,Information regarding the use of Ataxy 10 Tablet during pregnancy is not available. Please consult your doctor.
pregnancy,"Alernex 30mg Tablet DT may be unsafe to use during pregnancy. Although there are limited studies in humans, animal studies have shown harmful effects on the developing baby. Your doctor will weigh the benefits and any potential risks before prescribing it to you. Please consult your doctor."
pregnancy,Information regarding the use of Ambigesic MR Tablet during pregnancy is not available. Please consult your doctor.
pregnancy,"Albetop-Plus Tablet may be unsafe to use during pregnancy. Although there are limited studies in humans, animal studies have shown harmful effects on the developing baby. Your doctor will weigh the benefits and any potential risks before prescribing it to you. Please consult your doctor."
pregnancy,"Alvoflam-P Tablet may be unsafe to use during pregnancy. Although there are limited studies in humans, animal studies have shown harmful effects on the developing baby. Your doctor will weigh the benefits and any potential risks before prescribing it to you. Please consult your doctor."
pregnancy,Information regarding the use of Axikool O Suspension during pregnancy is not available. Please consult your doctor.
pregnancy,"Afymox Clav Tablet is generally considered safe to use during pregnancy. Animal studies have shown low or no adverse effects to the developing baby; however, there are limited human studies. "
pregnancy,"Acort 10mg Injection may be unsafe to use during pregnancy. Although there are limited studies in humans, animal studies have shown harmful effects on the developing baby. Your doctor will weigh the benefits and any potential risks before prescribing it to you. Please consult your doctor."
pregnancy,"Ac2 100mg/500mg Tablet may be unsafe to use during pregnancy. Although there are limited studies in humans, animal studies have shown harmful effects on the developing baby. Your doctor will weigh the benefits and any potential risks before prescribing it to you. Please consult your doctor."
pregnancy,"Arpidon 15mg Tablet may be unsafe to use during pregnancy. Although there are limited studies in humans, animal studies have shown harmful effects on the developing baby. Your doctor will weigh the benefits and any potential risks before prescribing it to you. Please consult your doctor."
pregnancy,"Azovis 250 Tablet is generally considered safe to use during pregnancy. Animal studies have shown low or no adverse effects to the developing baby; however, there are limited human studies. "
pregnancy,"Amipic 250mg Injection is unsafe to use during pregnancy as there is definite evidence of risk to the developing baby. However, the doctor may rarely prescribe it in some life-threatening situations if the benefits are more than the potential risks. Please consult your doctor. "
pregnancy,"Acefe-P Tablet may be unsafe to use during pregnancy. Although there are limited studies in humans, animal studies have shown harmful effects on the developing baby. Your doctor will weigh the benefits and any potential risks before prescribing it to you. Please consult your doctor."
pregnancy,"Avinor TZ 400mg/600mg Tablet may be unsafe to use during pregnancy. Although there are limited studies in humans, animal studies have shown harmful effects on the developing baby. Your doctor will weigh the benefits and any potential risks before prescribing it to you. Please consult your doctor."
pregnancy,"Allery-A Tablet is generally considered safe to use during pregnancy. Animal studies have shown low or no adverse effects to the developing baby; however, there are limited human studies. "
pregnancy,"Apz 0.5mg Tablet is unsafe to use during pregnancy as there is definite evidence of risk to the developing baby. However, the doctor may rarely prescribe it in some life-threatening situations if the benefits are more than the potential risks. Please consult your doctor. "
pregnancy,"Avespas Injection is unsafe to use during pregnancy as there is definite evidence of risk to the developing baby. However, the doctor may rarely prescribe it in some life-threatening situations if the benefits are more than the potential risks. Please consult your doctor. "
liver,"Aziwin 100mg Oral Suspension should be used with caution in patients with liver disease. Dose adjustment of Aziwin 100mg Oral Suspension may be needed. Please consult your doctor.<BR>Discontinue immediately if signs or symptoms of hepatitis like vomiting, paleness, weakness are observed."
pregnancy,Acupressin 1mg Injection is highly unsafe to use during pregnancy. Seek your doctor's advice as studies on pregnant women and animals have shown significant harmful effects to the developing baby.
pregnancy,"Axipan DM 10mg/40mg Tablet may be unsafe to use during pregnancy. Although there are limited studies in humans, animal studies have shown harmful effects on the developing baby. Your doctor will weigh the benefits and any potential risks before prescribing it to you. Please consult your doctor."
pregnancy,"Aronate 60mg Injection may be unsafe to use during pregnancy. Although there are limited studies in humans, animal studies have shown harmful effects on the developing baby. Your doctor will weigh the benefits and any potential risks before prescribing it to you. Please consult your doctor."
pregnancy,"Arcmont LC 5mg/10mg Tablet is generally considered safe to use during pregnancy. Animal studies have shown low or no adverse effects to the developing baby; however, there are limited human studies. "
pregnancy,"Afcort 6mg Tablet may be unsafe to use during pregnancy. Although there are limited studies in humans, animal studies have shown harmful effects on the developing baby. Your doctor will weigh the benefits and any potential risks before prescribing it to you. Please consult your doctor."
pregnancy,"Azystate 250mg Tablet is generally considered safe to use during pregnancy. Animal studies have shown low or no adverse effects to the developing baby; however, there are limited human studies. "
pregnancy,"Alefex 120mg Tablet may be unsafe to use during pregnancy. Although there are limited studies in humans, animal studies have shown harmful effects on the developing baby. Your doctor will weigh the benefits and any potential risks before prescribing it to you. Please consult your doctor."
pregnancy,"Azegud 500mg Tablet is generally considered safe to use during pregnancy. Animal studies have shown low or no adverse effects to the developing baby; however, there are limited human studies. "
pregnancy,Atsan 20mg Tablet is highly unsafe to use during pregnancy. Seek your doctor's advice as studies on pregnant women and animals have shown significant harmful effects to the developing baby.
pregnancy,Information regarding the use of Aarcid Syrup during pregnancy is not available. Please consult your doctor.
pregnancy,"Axopan D 10mg/40mg Tablet may be unsafe to use during pregnancy. Although there are limited studies in humans, animal studies have shown harmful effects on the developing baby. Your doctor will weigh the benefits and any potential risks before prescribing it to you. Please consult your doctor."
pregnancy,"Ameek 500mg Injection is unsafe to use during pregnancy as there is definite evidence of risk to the developing baby. However, the doctor may rarely prescribe it in some life-threatening situations if the benefits are more than the potential risks. Please consult your doctor. "
pregnancy,"Acelab-TH Tablet may be unsafe to use during pregnancy. Although there are limited studies in humans, animal studies have shown harmful effects on the developing baby. Your doctor will weigh the benefits and any potential risks before prescribing it to you. Please consult your doctor."
pregnancy,Acnisil 20mg Tablet is highly unsafe to use during pregnancy. Seek your doctor's advice as studies on pregnant women and animals have shown significant harmful effects to the developing baby.
pregnancy,"Arzepam 2mg Tablet is unsafe to use during pregnancy as there is definite evidence of risk to the developing baby. However, the doctor may rarely prescribe it in some life-threatening situations if the benefits are more than the potential risks. Please consult your doctor. "
pregnancy,Axitrix 250mg Injection is safe to use during pregnancy. Most studies have shown low or no risk to the developing baby.
pregnancy,"Alpraday 0.25mg Tablet is unsafe to use during pregnancy as there is definite evidence of risk to the developing baby. However, the doctor may rarely prescribe it in some life-threatening situations if the benefits are more than the potential risks. Please consult your doctor. "
pregnancy,"Amfenac 200mg Tablet SR may be unsafe to use during pregnancy. Although there are limited studies in humans, animal studies have shown harmful effects on the developing baby. Your doctor will weigh the benefits and any potential risks before prescribing it to you. Please consult your doctor."
pregnancy,Information regarding the use of Afcid Oral Suspension Strawberry during pregnancy is not available. Please consult your doctor.
pregnancy,"Andoset-MD Tablet is generally considered safe to use during pregnancy. Animal studies have shown low or no adverse effects to the developing baby; however, there are limited human studies. "
pregnancy,"Abrizol L 75mg/20mg Capsule may be unsafe to use during pregnancy. Although there are limited studies in humans, animal studies have shown harmful effects on the developing baby. Your doctor will weigh the benefits and any potential risks before prescribing it to you. Please consult your doctor."
pregnancy,"Arolexim 500mg Capsule is generally considered safe to use during pregnancy. Animal studies have shown low or no adverse effects to the developing baby; however, there are limited human studies. "
pregnancy,"Acquire 250mg Tablet is unsafe to use during pregnancy as there is definite evidence of risk to the developing baby. However, the doctor may rarely prescribe it in some life-threatening situations if the benefits are more than the potential risks. Please consult your doctor. "
pregnancy,"Azitime 500 Tablet is generally considered safe to use during pregnancy. Animal studies have shown low or no adverse effects to the developing baby; however, there are limited human studies. "
pregnancy,"Abixim-AZ Tablet is generally considered safe to use during pregnancy. Animal studies have shown low or no adverse effects to the developing baby; however, there are limited human studies. "
liver,"Alicin 100mg Tablet should be used with caution in patients with liver disease. Dose adjustment of Alicin 100mg Tablet may be needed. Please consult your doctor.<BR>Discontinue immediately if signs or symptoms of hepatitis like vomiting, paleness, weakness are observed."
pregnancy,"Anlof TC 100mg/325mg Tablet may be unsafe to use during pregnancy. Although there are limited studies in humans, animal studies have shown harmful effects on the developing baby. Your doctor will weigh the benefits and any potential risks before prescribing it to you. Please consult your doctor."
pregnancy,Aridac 25mg Injection is highly unsafe to use during pregnancy. Seek your doctor's advice as studies on pregnant women and animals have shown significant harmful effects to the developing baby.
pregnancy,"Axiom OR 15mg Dry Syrup is generally considered safe to use during pregnancy. Animal studies have shown low or no adverse effects to the developing baby; however, there are limited human studies. "
pregnancy,"Avizone S 1000mg/500mg Injection is generally considered safe to use during pregnancy. Animal studies have shown low or no adverse effects to the developing baby; however, there are limited human studies. "
pregnancy,"Atpure SA 2.5mg/25mg Tablet is unsafe to use during pregnancy as there is definite evidence of risk to the developing baby. However, the doctor may rarely prescribe it in some life-threatening situations if the benefits are more than the potential risks. Please consult your doctor. "
liver,Aarfen P Syrup should be used with caution in patients with liver disease. Dose adjustment of Aarfen P Syrup may be needed. Please consult your doctor.<BR>Discuss with your doctor thoroughly before giving Aarfen P Syrup to your child. Regular monitoring of liver function tests (LFT) is recommended while your child is taking this medicine.
pregnancy,"Abijem 20mg Injection may be unsafe to use during pregnancy. Although there are limited studies in humans, animal studies have shown harmful effects on the developing baby. Your doctor will weigh the benefits and any potential risks before prescribing it to you. Please consult your doctor."
pregnancy,"Azinip 250mg Tablet is generally considered safe to use during pregnancy. Animal studies have shown low or no adverse effects to the developing baby; however, there are limited human studies. "
pregnancy,"Acenez 150mg Injection may be unsafe to use during pregnancy. Although there are limited studies in humans, animal studies have shown harmful effects on the developing baby. Your doctor will weigh the benefits and any potential risks before prescribing it to you. Please consult your doctor."
pregnancy,"Anglonor TZ 400 mg/600 mg Tablet may be unsafe to use during pregnancy. Although there are limited studies in humans, animal studies have shown harmful effects on the developing baby. Your doctor will weigh the benefits and any potential risks before prescribing it to you. Please consult your doctor."
pregnancy,"Arthobit 60mg Injection may be unsafe to use during pregnancy. Although there are limited studies in humans, animal studies have shown harmful effects on the developing baby. Your doctor will weigh the benefits and any potential risks before prescribing it to you. Please consult your doctor."
liver,"Allfix 50mg Dry Syrup is safe to use in patients with liver disease. No dose adjustment of Allfix 50mg Dry Syrup is recommended.<BR>However, consult with your child’s doctor before giving Allfix 50mg Dry Syrup to your child in case of a severe form of liver disease."
pregnancy,Information regarding the use of Acef LB 100mg Tablet during pregnancy is not available. Please consult your doctor.
pregnancy,Information regarding the use of Altomail 75mg Injection during pregnancy is not available. Please consult your doctor.
pregnancy,"Audon 2mg Oral Solution is generally considered safe to use during pregnancy. Animal studies have shown low or no adverse effects to the developing baby; however, there are limited human studies. "
pregnancy,"Aceleaf TH 100mg/4mg Tablet may be unsafe to use during pregnancy. Although there are limited studies in humans, animal studies have shown harmful effects on the developing baby. Your doctor will weigh the benefits and any potential risks before prescribing it to you. Please consult your doctor."
pregnancy,"Azux 500mg Injection is generally considered safe to use during pregnancy. Animal studies have shown low or no adverse effects to the developing baby; however, there are limited human studies. "
liver,Avinim Suspension should be used with caution in patients with liver disease. Dose adjustment of Avinim Suspension may be needed. Please consult your doctor.<BR>Regular monitoring of Liver Function Tests (LFT) is recommended while your child is taking Avinim Suspension.
pregnancy,"Ara TH 100mg/4mg Tablet may be unsafe to use during pregnancy. Although there are limited studies in humans, animal studies have shown harmful effects on the developing baby. Your doctor will weigh the benefits and any potential risks before prescribing it to you. Please consult your doctor."
pregnancy,"Anikuf AX Syrup may be unsafe to use during pregnancy. Although there are limited studies in humans, animal studies have shown harmful effects on the developing baby. Your doctor will weigh the benefits and any potential risks before prescribing it to you. Please consult your doctor."
pregnancy,"Brilinta 60mg Tablet may be unsafe to use during pregnancy. Although there are limited studies in humans, animal studies have shown harmful effects on the developing baby. Your doctor will weigh the benefits and any potential risks before prescribing it to you. Please consult your doctor."
pregnancy,"Bzon Forte 1mg Tablet may be unsafe to use during pregnancy. Although there are limited studies in humans, animal studies have shown harmful effects on the developing baby. Your doctor will weigh the benefits and any potential risks before prescribing it to you. Please consult your doctor."
pregnancy,"Betawin Forte 0.5mg Tablet may be unsafe to use during pregnancy. Although there are limited studies in humans, animal studies have shown harmful effects on the developing baby. Your doctor will weigh the benefits and any potential risks before prescribing it to you. Please consult your doctor."
pregnancy,Bromex Kid Syrup is safe to use during pregnancy. Most studies have shown low or no risk to the developing baby.
pregnancy,"Buprigesic 0.3mg Injection may be unsafe to use during pregnancy. Although there are limited studies in humans, animal studies have shown harmful effects on the developing baby. Your doctor will weigh the benefits and any potential risks before prescribing it to you. Please consult your doctor."
pregnancy,"Buprocare 0.2mg Tablet may be unsafe to use during pregnancy. Although there are limited studies in humans, animal studies have shown harmful effects on the developing baby. Your doctor will weigh the benefits and any potential risks before prescribing it to you. Please consult your doctor."
pregnancy,"Bivamax 250mg Injection is generally considered safe to use during pregnancy. Animal studies have shown low or no adverse effects to the developing baby; however, there are limited human studies. "
pregnancy,Biodebol 50mg Injection is highly unsafe to use during pregnancy. Seek your doctor's advice as studies on pregnant women and animals have shown significant harmful effects to the developing baby.
pregnancy,"Daophage GP2 Tablet ER may be unsafe to use during pregnancy. Although there are limited studies in humans, animal studies have shown harmful effects on the developing baby. Your doctor will weigh the benefits and any potential risks before prescribing it to you. Please consult your doctor."
pregnancy,"Dukinase 50000IU Injection is generally considered safe to use during pregnancy. Animal studies have shown low or no adverse effects to the developing baby; however, there are limited human studies. "
pregnancy,"Duomox 500 mg/125 mg Tablet is generally considered safe to use during pregnancy. Animal studies have shown low or no adverse effects to the developing baby; however, there are limited human studies. "
pregnancy,"Dbgron 75 Capsule may be unsafe to use during pregnancy. Although there are limited studies in humans, animal studies have shown harmful effects on the developing baby. Your doctor will weigh the benefits and any potential risks before prescribing it to you. Please consult your doctor."
pregnancy,Information regarding the use of Dicamol Plus Tablet during pregnancy is not available. Please consult your doctor.
pregnancy,"Defset 6mg Tablet may be unsafe to use during pregnancy. Although there are limited studies in humans, animal studies have shown harmful effects on the developing baby. Your doctor will weigh the benefits and any potential risks before prescribing it to you. Please consult your doctor."
pregnancy,"Donep Syrup may be unsafe to use during pregnancy. Although there are limited studies in humans, animal studies have shown harmful effects on the developing baby. Your doctor will weigh the benefits and any potential risks before prescribing it to you. Please consult your doctor."
pregnancy,"Dospin 150 mg/75 mg Tablet is unsafe to use during pregnancy as there is definite evidence of risk to the developing baby. However, the doctor may rarely prescribe it in some life-threatening situations if the benefits are more than the potential risks. Please consult your doctor. "
pregnancy,"Desonex M 5mg/10mg Tablet may be unsafe to use during pregnancy. Although there are limited studies in humans, animal studies have shown harmful effects on the developing baby. Your doctor will weigh the benefits and any potential risks before prescribing it to you. Please consult your doctor."
pregnancy,"Daventyl-Plus 100 Tablet may be unsafe to use during pregnancy. Although there are limited studies in humans, animal studies have shown harmful effects on the developing baby. Your doctor will weigh the benefits and any potential risks before prescribing it to you. Please consult your doctor."
pregnancy,Information regarding the use of Diocerin gm Tablet during pregnancy is not available. Please consult your doctor.
pregnancy,"Dupent-DSR Capsule may be unsafe to use during pregnancy. Although there are limited studies in humans, animal studies have shown harmful effects on the developing baby. Your doctor will weigh the benefits and any potential risks before prescribing it to you. Please consult your doctor."
pregnancy,Information regarding the use of Dolozen 10mg Tablet during pregnancy is not available. Please consult your doctor.
pregnancy,"Danzol CT Scalp Solution may be unsafe to use during pregnancy. Although there are limited studies in humans, animal studies have shown harmful effects on the developing baby. Your doctor will weigh the benefits and any potential risks before prescribing it to you. Please consult your doctor."
pregnancy,Dysliptin C 10mg/75mg Tablet is highly unsafe to use during pregnancy. Seek your doctor's advice as studies on pregnant women and animals have shown significant harmful effects to the developing baby.
pregnancy,"Diplomax Plus Ointment may be unsafe to use during pregnancy. Although there are limited studies in humans, animal studies have shown harmful effects on the developing baby. Your doctor will weigh the benefits and any potential risks before prescribing it to you. Please consult your doctor."
pregnancy,"DAONIL 2.5 MG TABLET is generally considered safe to use during pregnancy. Animal studies have shown low or no adverse effects to the developing baby; however, there are limited human studies. "
pregnancy,"Derinide 1mg Respules may be unsafe to use during pregnancy. Although there are limited studies in humans, animal studies have shown harmful effects on the developing baby. Your doctor will weigh the benefits and any potential risks before prescribing it to you. Please consult your doctor."
pregnancy,"Delma 6mg Tablet may be unsafe to use during pregnancy. Although there are limited studies in humans, animal studies have shown harmful effects on the developing baby. Your doctor will weigh the benefits and any potential risks before prescribing it to you. Please consult your doctor."
pregnancy,"D Fax Plus 100mg/0.5mg Tablet is unsafe to use during pregnancy as there is definite evidence of risk to the developing baby. However, the doctor may rarely prescribe it in some life-threatening situations if the benefits are more than the potential risks. Please consult your doctor. "
pregnancy,"Delior Nano Oral Solution Sugar Free may be unsafe to use during pregnancy. Although there are limited studies in humans, animal studies have shown harmful effects on the developing baby. Your doctor will weigh the benefits and any potential risks before prescribing it to you. Please consult your doctor."
pregnancy,"Depwell 0.25mg/20mg Tablet is unsafe to use during pregnancy as there is definite evidence of risk to the developing baby. However, the doctor may rarely prescribe it in some life-threatening situations if the benefits are more than the potential risks. Please consult your doctor. "
pregnancy,"Diomine 20 mg/500 mg Tablet is generally considered safe to use during pregnancy. Animal studies have shown low or no adverse effects to the developing baby; however, there are limited human studies. "
pregnancy,Dafadros-LS Tablet is highly unsafe to use during pregnancy. Seek your doctor's advice as studies on pregnant women and animals have shown significant harmful effects to the developing baby.
pregnancy,"Doxacin OZ 200 mg/500 mg Tablet may be unsafe to use during pregnancy. Although there are limited studies in humans, animal studies have shown harmful effects on the developing baby. Your doctor will weigh the benefits and any potential risks before prescribing it to you. Please consult your doctor."
pregnancy,"Divaltec 250mg Tablet ER is unsafe to use during pregnancy as there is definite evidence of risk to the developing baby. However, the doctor may rarely prescribe it in some life-threatening situations if the benefits are more than the potential risks. Please consult your doctor. "
pregnancy,"DavaIndia Azithromycin 250mg Tablet is generally considered safe to use during pregnancy. Animal studies have shown low or no adverse effects to the developing baby; however, there are limited human studies. "
pregnancy,"DavaIndia Glimepiride 2mg Tablet may be unsafe to use during pregnancy. Although there are limited studies in humans, animal studies have shown harmful effects on the developing baby. Your doctor will weigh the benefits and any potential risks before prescribing it to you. Please consult your doctor."
pregnancy,"Debrox Syrup may be unsafe to use during pregnancy. Although there are limited studies in humans, animal studies have shown harmful effects on the developing baby. Your doctor will weigh the benefits and any potential risks before prescribing it to you. Please consult your doctor."
pregnancy,"Derox 150mg Tablet is generally considered safe to use during pregnancy. Animal studies have shown low or no adverse effects to the developing baby; however, there are limited human studies. "
pregnancy,"Defenac 100mg Tablet SR is unsafe to use during pregnancy as there is definite evidence of risk to the developing baby. However, the doctor may rarely prescribe it in some life-threatening situations if the benefits are more than the potential risks. Please consult your doctor. "
liver,"Decolic 10 mg/40 mg Suspension is safe to use in patients with liver disease. No dose adjustment of Decolic 10 mg/40 mg Suspension is recommended.<BR>However, Decolic 10 mg/40 mg Suspension should be used with caution in children with severe liver disease. Discuss with your child’s doctor thoroughly before giving this medicine to your child."
pregnancy,"Diclopex Plus 50mg/325mg Tablet is unsafe to use during pregnancy as there is definite evidence of risk to the developing baby. However, the doctor may rarely prescribe it in some life-threatening situations if the benefits are more than the potential risks. Please consult your doctor. "
pregnancy,"DavaIndia Nicorandil 10mg Tablet ER may be unsafe to use during pregnancy. Although there are limited studies in humans, animal studies have shown harmful effects on the developing baby. Your doctor will weigh the benefits and any potential risks before prescribing it to you. Please consult your doctor."
pregnancy,"Dovy-A Tablet may be unsafe to use during pregnancy. Although there are limited studies in humans, animal studies have shown harmful effects on the developing baby. Your doctor will weigh the benefits and any potential risks before prescribing it to you. Please consult your doctor."
pregnancy,"Delexit-N Tablet may be unsafe to use during pregnancy. Although there are limited studies in humans, animal studies have shown harmful effects on the developing baby. Your doctor will weigh the benefits and any potential risks before prescribing it to you. Please consult your doctor."
pregnancy,"Dextrom Syrup may be unsafe to use during pregnancy. Although there are limited studies in humans, animal studies have shown harmful effects on the developing baby. Your doctor will weigh the benefits and any potential risks before prescribing it to you. Please consult your doctor."
pregnancy,"Daczim-OF Tablet may be unsafe to use during pregnancy. Although there are limited studies in humans, animal studies have shown harmful effects on the developing baby. Your doctor will weigh the benefits and any potential risks before prescribing it to you. Please consult your doctor."
pregnancy,"Doncorate 250mg Tablet ER is unsafe to use during pregnancy as there is definite evidence of risk to the developing baby. However, the doctor may rarely prescribe it in some life-threatening situations if the benefits are more than the potential risks. Please consult your doctor. "
pregnancy,"D.D.Pramine 10mg Tablet may be unsafe to use during pregnancy. Although there are limited studies in humans, animal studies have shown harmful effects on the developing baby. Your doctor will weigh the benefits and any potential risks before prescribing it to you. Please consult your doctor."
pregnancy,"Dolotus P Tablet may be unsafe to use during pregnancy. Although there are limited studies in humans, animal studies have shown harmful effects on the developing baby. Your doctor will weigh the benefits and any potential risks before prescribing it to you. Please consult your doctor."
pregnancy,"DPS 2 Tablet is unsafe to use during pregnancy as there is definite evidence of risk to the developing baby. However, the doctor may rarely prescribe it in some life-threatening situations if the benefits are more than the potential risks. Please consult your doctor. "
pregnancy,Duzine 0.5mg Tablet is highly unsafe to use during pregnancy. Seek your doctor's advice as studies on pregnant women and animals have shown significant harmful effects to the developing baby.
pregnancy,"Diafer Forte Tablet ER is generally considered safe to use during pregnancy. Animal studies have shown low or no adverse effects to the developing baby; however, there are limited human studies. "
pregnancy,Doxipreg 10mg/10mg Tablet is safe to use during pregnancy. Most studies have shown low or no risk to the developing baby.
pregnancy,"Domicid 10 mg/20 mg Capsule may be unsafe to use during pregnancy. Although there are limited studies in humans, animal studies have shown harmful effects on the developing baby. Your doctor will weigh the benefits and any potential risks before prescribing it to you. Please consult your doctor."
pregnancy,"Duotop 20mg/1.5mg Tablet may be unsafe to use during pregnancy. Although there are limited studies in humans, animal studies have shown harmful effects on the developing baby. Your doctor will weigh the benefits and any potential risks before prescribing it to you. Please consult your doctor."
pregnancy,"Delicita Tablet may be unsafe to use during pregnancy. Although there are limited studies in humans, animal studies have shown harmful effects on the developing baby. Your doctor will weigh the benefits and any potential risks before prescribing it to you. Please consult your doctor."
pregnancy,"Dolfre 1% Gel is unsafe to use during pregnancy as there is definite evidence of risk to the developing baby. However, the doctor may rarely prescribe it in some life-threatening situations if the benefits are more than the potential risks. Please consult your doctor. "
pregnancy,"Drasol 40mg Injection may be unsafe to use during pregnancy. Although there are limited studies in humans, animal studies have shown harmful effects on the developing baby. Your doctor will weigh the benefits and any potential risks before prescribing it to you. Please consult your doctor."
pregnancy,"Dexcoff Syrup may be unsafe to use during pregnancy. Although there are limited studies in humans, animal studies have shown harmful effects on the developing baby. Your doctor will weigh the benefits and any potential risks before prescribing it to you. Please consult your doctor."
pregnancy,"Dior 500mg Tablet is generally considered safe to use during pregnancy. Animal studies have shown low or no adverse effects to the developing baby; however, there are limited human studies. "
pregnancy,Information regarding the use of Doser 10mg Tablet during pregnancy is not available. Please consult your doctor.
pregnancy,"Diflam Dental Gel is generally considered safe to use during pregnancy. Animal studies have shown low or no adverse effects to the developing baby; however, there are limited human studies. "
pregnancy,DavaIndia Aspirin+Rosuvastatin+Clopidogrel 150mg/10mg/75mg Capsule is highly unsafe to use during pregnancy. Seek your doctor's advice as studies on pregnant women and animals have shown significant harmful effects to the developing baby.
pregnancy,Doxic 10mg/10mg/2.5mg Tablet is safe to use during pregnancy. Most studies have shown low or no risk to the developing baby.
liver,"Dalvo-M Syrup is safe to use in patients with liver disease. No dose adjustment of Dalvo-M Syrup is recommended.<BR>However, consult your child’s doctor in case of severe liver disease."
pregnancy,"Disocef O 200mg/200mg Tablet may be unsafe to use during pregnancy. Although there are limited studies in humans, animal studies have shown harmful effects on the developing baby. Your doctor will weigh the benefits and any potential risks before prescribing it to you. Please consult your doctor."
pregnancy,"Domeco 1500 Injection may be unsafe to use during pregnancy. Although there are limited studies in humans, animal studies have shown harmful effects on the developing baby. Your doctor will weigh the benefits and any potential risks before prescribing it to you. Please consult your doctor."
pregnancy,"Duke Soft Gelatin Capsule may be unsafe to use during pregnancy. Although there are limited studies in humans, animal studies have shown harmful effects on the developing baby. Your doctor will weigh the benefits and any potential risks before prescribing it to you. Please consult your doctor."
pregnancy,"Dactino 0.5mg Injection is unsafe to use during pregnancy as there is definite evidence of risk to the developing baby. However, the doctor may rarely prescribe it in some life-threatening situations if the benefits are more than the potential risks. Please consult your doctor. "
pregnancy,"Drmet G Drmet G2 Tablet SR may be unsafe to use during pregnancy. Although there are limited studies in humans, animal studies have shown harmful effects on the developing baby. Your doctor will weigh the benefits and any potential risks before prescribing it to you. Please consult your doctor."
pregnancy,Information regarding the use of Domar OX Suspension during pregnancy is not available. Please consult your doctor.
pregnancy,"Doner Capsule may be unsafe to use during pregnancy. Although there are limited studies in humans, animal studies have shown harmful effects on the developing baby. Your doctor will weigh the benefits and any potential risks before prescribing it to you. Please consult your doctor."
liver,Disnim P 50 mg/125 mg Syrup should be used with caution in patients with liver disease. Dose adjustment of Disnim P 50 mg/125 mg Syrup may be needed. Please consult your doctor.<BR>Discuss with your doctor thoroughly before giving Disnim P 50 mg/125 mg Syrup to your child. Regular monitoring of Liver Function Tests (LFT) is recommended while your child is taking this medicine.
pregnancy,Decdron 25mg Injection is highly unsafe to use during pregnancy. Seek your doctor's advice as studies on pregnant women and animals have shown significant harmful effects to the developing baby.
pregnancy,"Densera-D Tablet is unsafe to use during pregnancy as there is definite evidence of risk to the developing baby. However, the doctor may rarely prescribe it in some life-threatening situations if the benefits are more than the potential risks. Please consult your doctor. "
pregnancy,"Dutofeb 40mg Tablet may be unsafe to use during pregnancy. Although there are limited studies in humans, animal studies have shown harmful effects on the developing baby. Your doctor will weigh the benefits and any potential risks before prescribing it to you. Please consult your doctor."
pregnancy,"Doxyrin 100mg Tablet is unsafe to use during pregnancy as there is definite evidence of risk to the developing baby. However, the doctor may rarely prescribe it in some life-threatening situations if the benefits are more than the potential risks. Please consult your doctor. "
pregnancy,"Dicon 50mg Capsule is generally considered safe to use during pregnancy. Animal studies have shown low or no adverse effects to the developing baby; however, there are limited human studies. "
pregnancy,"Decofed X Syrup may be unsafe to use during pregnancy. Although there are limited studies in humans, animal studies have shown harmful effects on the developing baby. Your doctor will weigh the benefits and any potential risks before prescribing it to you. Please consult your doctor."
pregnancy,Dicolin 50mg Injection is highly unsafe to use during pregnancy. Seek your doctor's advice as studies on pregnant women and animals have shown significant harmful effects to the developing baby.
pregnancy,"Desloriv 5mg Tablet may be unsafe to use during pregnancy. Although there are limited studies in humans, animal studies have shown harmful effects on the developing baby. Your doctor will weigh the benefits and any potential risks before prescribing it to you. Please consult your doctor."
pregnancy,"Dipromild 0.0125% Cream may be unsafe to use during pregnancy. Although there are limited studies in humans, animal studies have shown harmful effects on the developing baby. Your doctor will weigh the benefits and any potential risks before prescribing it to you. Please consult your doctor."
pregnancy,"Dilocus LS Syrup may be unsafe to use during pregnancy. Although there are limited studies in humans, animal studies have shown harmful effects on the developing baby. Your doctor will weigh the benefits and any potential risks before prescribing it to you. Please consult your doctor."
pregnancy,"Defender 1gm/0.2gm Injection is generally considered safe to use during pregnancy. Animal studies have shown low or no adverse effects to the developing baby; however, there are limited human studies. "
pregnancy,"Ditocet 5mg Tablet is generally considered safe to use during pregnancy. Animal studies have shown low or no adverse effects to the developing baby; however, there are limited human studies. "
liver,"Dehive 2.5mg Syrup is safe to use in patients with liver disease. No dose adjustment of Dehive 2.5mg Syrup is recommended.<BR>However, dose adjustments may be required in severe liver disease. Consult your doctor before giving Levocetirizine to your child in case of severe liver disease."
pregnancy,"Dare 500mg Tablet is generally considered safe to use during pregnancy. Animal studies have shown low or no adverse effects to the developing baby; however, there are limited human studies. "
pregnancy,"Dyazide 250mg Injection is generally considered safe to use during pregnancy. Animal studies have shown low or no adverse effects to the developing baby; however, there are limited human studies. "
pregnancy,"Dexcol AX Syrup may be unsafe to use during pregnancy. Although there are limited studies in humans, animal studies have shown harmful effects on the developing baby. Your doctor will weigh the benefits and any potential risks before prescribing it to you. Please consult your doctor."
