0,liver_0,liver_1
,liver,No interaction found/established
,liver,No interaction found/established
,liver,Afogatran 150 Capsule should be used with caution in patients with liver disease. Dose adjustment of Afogatran 150 Capsule may be needed. Please consult your doctor.
,liver,There is limited information available on the use of Actapro Tablet in patients with liver disease. Please consult your doctor.
,liver,Arip MT 5 Tablet is probably safe to use in patients with liver disease. Limited data available suggests that dose adjustment of Arip MT 5 Tablet may not be needed in these patients. Please consult your  doctor.
,liver,There is limited information available on the use of Acemiz -MR Tablet in patients with liver disease. Please consult your doctor.
,liver,There is limited information available on the use of Amphotin Lip 50mg Injection in patients with liver disease. Please consult your doctor.
,liver,Afoglip M  1000 Tablet ER should be used with caution in patients with liver disease. Dose adjustment of Afoglip M  1000 Tablet ER may be needed. Please consult your doctor.<BR>Afoglip M  1000 Tablet ER is generally started with low dose in patients with mild to moderate liver disease and its use is not recommended in patients with severe liver disease.
,liver,No interaction found/established
,liver,Apriglim-M 2 Tablet PR should be used with caution in patients with liver disease. Dose adjustment of Apriglim-M 2 Tablet PR may be needed. Please consult your doctor.<BR>Apriglim-M 2 Tablet PR is generally started with low dose in patients with mild to moderate liver disease and its use is not recommended in patients with severe liver disease.
,liver,Azilin 500mg Tablet should be used with caution in patients with liver disease. Dose adjustment of Azilin 500mg Tablet may be needed. Please consult your doctor.
,liver,Aztel Trio 40mg/5mg/12.5mg Tablet should be used with caution in patients with liver disease. Dose adjustment of Aztel Trio 40mg/5mg/12.5mg Tablet may be needed. Please consult your doctor.<BR>Use of Aztel Trio 40mg/5mg/12.5mg Tablet is not recommended in patients with severe liver disease.
,liver,Alcinac Spas 80mg/100mg Tablet should be used with caution in patients with liver disease. Dose adjustment of Alcinac Spas 80mg/100mg Tablet may be needed. Please consult your doctor.<BR>Use of Alcinac Spas 80mg/100mg Tablet is not recommended in patients with severe liver disease. Regular monitoring of liver function tests is advisable while the patient is taking this medicine.
,liver,Abiratas 500mg Tablet should be used with caution in patients with liver disease. Dose adjustment of Abiratas 500mg Tablet may be needed. Please consult your doctor.
,liver,Aldecef 200mg Tablet is safe to use in patients with liver disease. No dose adjustment of Aldecef 200mg Tablet is recommended.
,liver,Arophyll-M Tablet SR should be used with caution in patients with liver disease. Dose adjustment of Arophyll-M Tablet SR may be needed. Please consult your doctor.
,liver,Alertac-A Tablet is probably safe to use in patients with liver disease. Limited data available suggests that dose adjustment of Alertac-A Tablet may not be needed in these patients. Please consult your  doctor.
,liver,Allerhin D Plus 120mg Tablet is probably safe to use in patients with liver disease. Limited data available suggests that dose adjustment of Allerhin D Plus 120mg Tablet may not be needed in these patients. Please consult your  doctor.
,liver,Afdiloc 300mg Tablet should be used with caution in patients with liver disease. Dose adjustment of Afdiloc 300mg Tablet may be needed. Please consult your doctor.
,liver,AVN Plus Tablet is probably safe to use in patients with liver disease. Limited data available suggests that dose adjustment of AVN Plus Tablet may not be needed in these patients. Please consult your  doctor.
,liver,Aziwok 500mg Injection should be used with caution in patients with liver disease. Dose adjustment of Aziwok 500mg Injection may be needed. Please consult your doctor.
,liver,There is limited information available on the use of Axonrich Tablet in patients with liver disease. Please consult your doctor.
,liver,Aziron 500mg Tablet should be used with caution in patients with liver disease. Dose adjustment of Aziron 500mg Tablet may be needed. Please consult your doctor.
,liver,There is limited information available on the use of Averm Plus 12mg Tablet in patients with liver disease. Please consult your doctor.
,liver,"Arrestin  P 100mg/500mg Tablet should be used with caution in patients with liver disease. Dose adjustment of Arrestin  P 100mg/500mg Tablet may be needed. Please consult your doctor.<BR>However, the use of Arrestin  P 100mg/500mg Tablet is not recommended in patients with severe liver disease and active liver disease."
,liver,Amchek-Z Tablet should be used with caution in patients with liver disease. Dose adjustment of Amchek-Z Tablet may be needed. Please consult your doctor.<BR>Amchek-Z Tablet is started at a lower dose in patients with liver disease and further increased slowly with careful monitoring.
,liver,"Aclofen S Tablet should be used with caution in patients with liver disease. Dose adjustment of Aclofen S Tablet may be needed. Please consult your doctor.<BR>However, the use of Aclofen S Tablet is not recommended in patients with severe liver disease and active liver disease."
,liver,Arch L Forte Tablet should be used with caution in patients with severe liver disease. Dose adjustment of Arch L Forte Tablet may be needed. Please consult your doctor.<BR>No dose adjustment is recommended in patients with severe liver disease.
,,
,liver,"Anthro 100 mg/500 mg Tablet should be used with caution in patients with liver disease. Dose adjustment of Anthro 100 mg/500 mg Tablet may be needed. Please consult your doctor.<BR>However, the use of Anthro 100 mg/500 mg Tablet is not recommended in patients with severe liver disease and active liver disease."
,liver,Amvalor Chrono 300 Tablet CR should be used with caution in patients with liver disease. Dose adjustment of Amvalor Chrono 300 Tablet CR may be needed. Please consult your doctor.<BR>Use of Amvalor Chrono 300 Tablet CR is not recommended in patients with severe liver disease and active liver disease.
,liver,"Aceflam 100mg/500mg Tablet should be used with caution in patients with liver disease. Dose adjustment of Aceflam 100mg/500mg Tablet may be needed. Please consult your doctor.<BR>However, the use of Aceflam 100mg/500mg Tablet is not recommended in patients with severe liver disease and active liver disease."
,liver,Arodyl Syrup should be used with caution in patients with liver disease. Dose adjustment of Arodyl Syrup may be needed. Please consult your doctor.
,liver,Arpan 40mg Tablet should be used with caution in patients with severe liver disease. Dose adjustment of Arpan 40mg Tablet may be needed. Please consult your doctor.
,liver,Azutan CT 40/12.5 Tablet should be used with caution in patients with liver disease. Dose adjustment of Azutan CT 40/12.5 Tablet may be needed. Please consult your doctor.<BR>Use of Azutan CT 40/12.5 Tablet is not recommended in patients with severe liver disease.
,liver,AL 5mg Tablet is safe to use in patients with liver disease. No dose adjustment of AL 5mg Tablet is recommended.
,liver,Adequet SR 100 Tablet should be used with caution in patients with liver disease. Dose adjustment of Adequet SR 100 Tablet may be needed. Please consult your doctor.
,liver,Acronil-OD 400 Tablet ER should be used with caution in patients with liver disease. Dose adjustment of Acronil-OD 400 Tablet ER may be needed. Please consult your doctor.
,liver,No interaction found/established
,liver,"Acetal SP 100 mg/500 mg/15 mg Tablet should be used with caution in patients with liver disease. Dose adjustment of Acetal SP 100 mg/500 mg/15 mg Tablet may be needed. Please consult your doctor.<BR>However, the use of Acetal SP 100 mg/500 mg/15 mg Tablet is not recommended in patients with severe liver disease and active liver disease."
,liver,Azix 250mg Tablet DT should be used with caution in patients with liver disease. Dose adjustment of Azix 250mg Tablet DT may be needed. Please consult your doctor.
,liver,Autocort 6mg Tablet is safe to use in patients with liver disease. No dose adjustment of Autocort 6mg Tablet is recommended.
,liver,Acitec D 10mg/20mg Capsule should be used with caution in patients with liver disease. Dose adjustment of Acitec D 10mg/20mg Capsule may be needed. Please consult your doctor.<BR>Use of Acitec D 10mg/20mg Capsule is not recommended in patients with moderate and severe liver disease.
,liver,Aaram Tablet should be used with caution in patients with liver disease. Dose adjustment of Aaram Tablet may be needed. Please consult your doctor.
,liver,There is limited information available on the use of Axid O Suspension in patients with liver disease. Please consult your doctor.
,liver,Atorvacare F 10mg/160mg Tablet should be used with caution in patients with liver disease. Dose adjustment of Atorvacare F 10mg/160mg Tablet may be needed. Please consult your doctor.<BR>Use of Atorvacare F 10mg/160mg Tablet is not recommended in patients with severe liver disease.
,liver,Aquatel CH 40mg/12.5mg Tablet should be used with caution in patients with liver disease. Dose adjustment of Aquatel CH 40mg/12.5mg Tablet may be needed. Please consult your doctor.<BR>Use of Aquatel CH 40mg/12.5mg Tablet is not recommended in patients with severe liver disease.
,liver,Algic MR 100mg/4mg Tablet should be used with caution in patients with liver disease. Dose adjustment of Algic MR 100mg/4mg Tablet may be needed. Please consult your doctor.<BR>Use of Algic MR 100mg/4mg Tablet is not recommended in patients with severe liver disease. Regular monitoring of liver function tests is advisable while the patient is taking this medicine.
,liver,There is limited information available on the use of Acetol 200mg Tablet CR in patients with liver disease. Please consult your doctor.
,liver,"Almid Plus Tablet should be used with caution in patients with liver disease. Dose adjustment of Almid Plus Tablet may be needed. Please consult your doctor.<BR>Inform your doctor if you develop signs of jaundice like yellowing of eyes and skin, itching, and clay colored stools while taking this medicine."
,liver,"Acepep SP Tablet should be used with caution in patients with liver disease. Dose adjustment of Acepep SP Tablet may be needed. Please consult your doctor.<BR>However, the use of Acepep SP Tablet is not recommended in patients with severe liver disease and active liver disease."
,liver,Aceros 100mg Tablet should be used with caution in patients with liver disease. Dose adjustment of Aceros 100mg Tablet may be needed. Please consult your doctor.<BR>Use of Aceros 100mg Tablet is not recommended in patients with severe liver disease. Regular monitoring of liver function tests is advisable while the patient is taking this medicine.
,liver,There is limited information available on the use of Altacef 750mg Injection in patients with liver disease. Please consult your doctor.
,liver,Alpan D 10mg/40mg Tablet is probably safe to use in patients with liver disease. Limited data available suggests that dose adjustment of Alpan D 10mg/40mg Tablet may not be needed in these patients. Please consult your  doctor.
,liver,Aldo 10 Tablet should be used with caution in patients with liver disease. Dose adjustment of Aldo 10 Tablet may be needed. Please consult your doctor.<BR>Aldo 10 Tablet is started at a lower dose in patients with liver disease and further increased slowly with careful monitoring.
,liver,Alpenta 40mg Tablet should be used with caution in patients with severe liver disease. Dose adjustment of Alpenta 40mg Tablet may be needed. Please consult your doctor.
,liver,Avipanta 40mg Injection should be used with caution in patients with severe liver disease. Dose adjustment of Avipanta 40mg Injection may be needed. Please consult your doctor.
,liver,Atorstin CV 20mg/75mg Capsule should be used with caution in patients with liver disease. Dose adjustment of Atorstin CV 20mg/75mg Capsule may be needed. Please consult your doctor.<BR>Use of Atorstin CV 20mg/75mg Capsule is not recommended in patients with severe liver disease and active liver disease.
,liver,Aptacid Tablet should be used with caution in patients with liver disease. Dose adjustment of Aptacid Tablet may be needed. Please consult your doctor.<BR>Use of Aptacid Tablet is not recommended in patients with moderate and severe liver disease.
,liver,"Acelopat SP 100mg/325mg/15mg Tablet should be used with caution in patients with liver disease. Dose adjustment of Acelopat SP 100mg/325mg/15mg Tablet may be needed. Please consult your doctor.<BR>However, the use of Acelopat SP 100mg/325mg/15mg Tablet is not recommended in patients with severe liver disease and active liver disease."
,liver,Asmotone SP Syrup should be used with caution in patients with liver disease. Dose adjustment of Asmotone SP Syrup may be needed. Please consult your doctor.<BR>Limited information is available on the use of Asmotone SP Syrup in these patients.
,liver,There is limited information available on the use of Acosha 100mg Tablet in patients with liver disease. Please consult your doctor.
,liver,Amlomet 5mg/50mg Tablet should be used with caution in patients with liver disease. Dose adjustment of Amlomet 5mg/50mg Tablet may be needed. Please consult your doctor.
,liver,There is limited information available on the use of Addicef 500mg Tablet in patients with liver disease. Please consult your doctor.
,liver,"Anspas Forte 500mg/450mg Tablet should be used with caution in patients with liver disease. Dose adjustment of Anspas Forte 500mg/450mg Tablet may be needed. Please consult your doctor.<BR>However, the use of Anspas Forte 500mg/450mg Tablet is not recommended in patients with severe liver disease and active liver disease."
,liver,There is limited information available on the use of Actibile 600 SR Tablet in patients with liver disease. Please consult your doctor.
,liver,Anastrocare 1mg Tablet should be used with caution in patients with liver disease. Dose adjustment of Anastrocare 1mg Tablet may be needed. Please consult your doctor.<BR>Limited information is available on the use of Anastrocare 1mg Tablet in these patients. No dose adjustment is recommended in patients with mild to moderate liver disease.
,liver,Altrip 10mg Tablet should be used with caution in patients with liver disease. Dose adjustment of Altrip 10mg Tablet may be needed. Please consult your doctor.<BR>Use of Altrip 10mg Tablet is not recommended in patients with severe liver disease and active liver disease.
,liver,Amlong 7.5mg Tablet should be used with caution in patients with liver disease. Dose adjustment of Amlong 7.5mg Tablet may be needed. Please consult your doctor.<BR>Amlong 7.5mg Tablet is started at a lower dose in patients with liver disease and further increased slowly with careful monitoring.
,liver,Altodin 10mg Tablet should be used with caution in patients with liver disease. Dose adjustment of Altodin 10mg Tablet may be needed. Please consult your doctor.
,liver,Augustin Tablet is probably safe to use in patients with liver disease. Limited data available suggests that dose adjustment of Augustin Tablet may not be needed in these patients. Please consult your  doctor.
,liver,Alzolid 600mg Infusion should be used with caution in patients with severe liver disease. Dose adjustment of Alzolid 600mg Infusion may be needed. Please consult your doctor.<BR>Limited information is available on the use of Alzolid 600mg Infusion in these patients. No dose adjustment is recommended in patients with mild to moderate liver disease.
,liver,"Advark-SP Tablet should be used with caution in patients with liver disease. Dose adjustment of Advark-SP Tablet may be needed. Please consult your doctor.<BR>However, the use of Advark-SP Tablet is not recommended in patients with severe liver disease and active liver disease."
,liver,Alprop 0.25 mg/20 mg Tablet should be used with caution in patients with liver disease. Dose adjustment of Alprop 0.25 mg/20 mg Tablet may be needed. Please consult your doctor.<BR>Regular monitoring of blood pressure is advisable for dose adjustment.
,liver,"Azopar SP 100mg/325mg/10mg Tablet should be used with caution in patients with liver disease. Dose adjustment of Azopar SP 100mg/325mg/10mg Tablet may be needed. Please consult your doctor.<BR>However, the use of Azopar SP 100mg/325mg/10mg Tablet is not recommended in patients with severe liver disease and active liver disease."
,,
,liver,There is limited information available on the use of Avilan 40mg Tablet SR in patients with liver disease. Please consult your doctor.
,liver,Acroflu 150mg Tablet should be used with caution in patients with liver disease. Dose adjustment of Acroflu 150mg Tablet may be needed. Please consult your doctor.
,liver,There is limited information available on the use of Ab Penem 200mg Tablet in patients with liver disease. Please consult your doctor.
,liver,There is limited information available on the use of Arti Nate 50mg Tablet in patients with liver disease. Please consult your doctor.
,liver,Aziden 500mg Tablet should be used with caution in patients with liver disease. Dose adjustment of Aziden 500mg Tablet may be needed. Please consult your doctor.
,,
,liver,"Acogesic-P 100mg/325mg Tablet should be used with caution in patients with liver disease. Dose adjustment of Acogesic-P 100mg/325mg Tablet may be needed. Please consult your doctor.<BR>However, the use of Acogesic-P 100mg/325mg Tablet is not recommended in patients with severe liver disease and active liver disease."
,liver,Amgrace 200mg Tablet is probably safe to use in patients with liver disease. Limited data available suggests that dose adjustment of Amgrace 200mg Tablet may not be needed in these patients. Please consult your  doctor.
,liver,Albigesic Forte Tablet is probably safe to use in patients with liver disease. Limited data available suggests that dose adjustment of Albigesic Forte Tablet may not be needed in these patients. Please consult your  doctor.
,liver,Avopan-D 10mg/40mg Tablet is probably safe to use in patients with liver disease. Limited data available suggests that dose adjustment of Avopan-D 10mg/40mg Tablet may not be needed in these patients. Please consult your  doctor.
,liver,No interaction found/established
,liver,Aroget DX Syrup American Ice Cream is probably unsafe to use in patients with liver disease and should be avoided. Please consult your doctor.
,liver,There is limited information available on the use of Apcyp-T Syrup in patients with liver disease. Please consult your doctor.
,liver,There is limited information available on the use of Albact 500mg Tablet in patients with liver disease. Please consult your doctor.
,liver,Acent TZ 100mg/2mg Tablet should be used with caution in patients with liver disease. Dose adjustment of Acent TZ 100mg/2mg Tablet may be needed. Please consult your doctor.<BR>Use of Acent TZ 100mg/2mg Tablet is not advised in patients with severe liver disease. Liver function tests are recommended before the start of treatment and then on a regular basis as advised.
,,
,liver,Artefan 80mg/480mg Tablet should be used with caution in patients with severe liver disease. Dose adjustment of Artefan 80mg/480mg Tablet may be needed. Please consult your doctor.<BR>No dose adjustment is recommended in patients with severe liver disease.
,liver,No interaction found/established
,liver,"There is limited information available on the use of Agafin Tablet in patients with liver disease. Please consult your doctor.<BR>However, Agafin Tablet should be used with caution in these patients."
,liver,Abirab DSR Capsule should be used with caution in patients with liver disease. Dose adjustment of Abirab DSR Capsule may be needed. Please consult your doctor.<BR>Use of Abirab DSR Capsule is not recommended in patients with moderate and severe liver disease.
,liver,No interaction found/established
,liver,Azim 500mg Tablet should be used with caution in patients with liver disease. Dose adjustment of Azim 500mg Tablet may be needed. Please consult your doctor.
,liver,Andep 10 mg/1 mg Tablet should be used with caution in patients with liver disease. Dose adjustment of Andep 10 mg/1 mg Tablet may be needed. Please consult your doctor.
,liver,There is limited information available on the use of Aver 8mg Tablet in patients with liver disease. Please consult your doctor.
,liver,Argex 250mg Capsule should be used with caution in patients with liver disease. Dose adjustment of Argex 250mg Capsule may be needed. Please consult your doctor.
,liver,There is limited information available on the use of Apgain Syrup in patients with liver disease. Please consult your doctor.
,liver,Amphyl D 400mg/30mg Tablet should be used with caution in patients with liver disease. Dose adjustment of Amphyl D 400mg/30mg Tablet may be needed. Please consult your doctor.
,liver,Amigatin LS 100mg/10mg Tablet should be used with caution in patients with liver disease. Dose adjustment of Amigatin LS 100mg/10mg Tablet may be needed. Please consult your doctor.<BR>Use of Amigatin LS 100mg/10mg Tablet is not recommended in patients with severe liver disease.
,liver,Avilpro D 10mg/20mg Capsule should be used with caution in patients with liver disease. Dose adjustment of Avilpro D 10mg/20mg Capsule may be needed. Please consult your doctor.<BR>Use of Avilpro D 10mg/20mg Capsule is not recommended in patients with moderate and severe liver disease.
,liver,Apenta 40mg Tablet should be used with caution in patients with severe liver disease. Dose adjustment of Apenta 40mg Tablet may be needed. Please consult your doctor.
,liver,There is limited information available on the use of Angenec Plus 250 mg/50 mg/325 mg Tablet in patients with liver disease. Please consult your doctor.
,,
,,
,liver,Ambro TS Tablet should be used with caution in patients with liver disease. Dose adjustment of Ambro TS Tablet may be needed. Please consult your doctor.
,liver,Azigon 500mg Tablet should be used with caution in patients with liver disease. Dose adjustment of Azigon 500mg Tablet may be needed. Please consult your doctor.
,liver,Aparin 50mg Tablet should be used with caution in patients with liver disease. Dose adjustment of Aparin 50mg Tablet may be needed. Please consult your doctor.<BR>Use of Aparin 50mg Tablet is not recommended in patients with severe liver disease. Regular monitoring of liver function tests is advisable while you are taking this medicine.
,liver,Arive 20mg Tablet is probably safe to use in patients with liver disease. Limited data available suggests that dose adjustment of Arive 20mg Tablet may not be needed in these patients. Please consult your  doctor.
,liver,No interaction found/established
,liver,Ambimet XL 50 Tablet should be used with caution in patients with liver disease. Dose adjustment of Ambimet XL 50 Tablet may be needed. Please consult your doctor.
,liver,Abclopid A 150 Capsule should be used with caution in patients with liver disease. Dose adjustment of Abclopid A 150 Capsule may be needed. Please consult your doctor.<BR>Use of Abclopid A 150 Capsule is not recommended in patients with severe liver disease.
,liver,Amwel 5mg Tablet should be used with caution in patients with liver disease. Dose adjustment of Amwel 5mg Tablet may be needed. Please consult your doctor.<BR>Amwel 5mg Tablet is started at a lower dose in patients with liver disease and further increased slowly with careful monitoring.
,liver,Anxizam Plus 0.5 mg/25 mg Tablet should be used with caution in patients with liver disease. Dose adjustment of Anxizam Plus 0.5 mg/25 mg Tablet may be needed. Please consult your doctor.<BR>Use of Anxizam Plus 0.5 mg/25 mg Tablet is not recommended in patients with severe liver disease.
,liver,Apkolin 250 Capsule should be used with caution in patients with liver disease. Dose adjustment of Apkolin 250 Capsule may be needed. Please consult your doctor.<BR>Regular monitoring of liver function tests is recommended while you are taking this medicine
,liver,Abijem-DSR Capsule should be used with caution in patients with liver disease. Dose adjustment of Abijem-DSR Capsule may be needed. Please consult your doctor.<BR>Use of Abijem-DSR Capsule is not recommended in patients with moderate and severe liver disease.
,liver,Atoran F 10mg/160mg Tablet should be used with caution in patients with liver disease. Dose adjustment of Atoran F 10mg/160mg Tablet may be needed. Please consult your doctor.<BR>Use of Atoran F 10mg/160mg Tablet is not recommended in patients with severe liver disease.
,liver,"Acetec-P Tablet should be used with caution in patients with liver disease. Dose adjustment of Acetec-P Tablet may be needed. Please consult your doctor.<BR>However, the use of Acetec-P Tablet is not recommended in patients with severe liver disease and active liver disease."
,liver,No interaction found/established
,liver,Aktilax Syrup is probably safe to use in patients with liver disease. Limited data available suggests that dose adjustment of Aktilax Syrup may not be needed in these patients. Please consult your  doctor.
,liver,"Anze 5mg Tablet should be used with caution in patients with liver disease. Dose adjustment of Anze 5mg Tablet may be needed. Please consult your doctor.<BR>Inform your doctor if you experience fatigue, develop yellowing of the skin and eyes or white stools while taking this medicine."
,liver,Amlojack 2.5mg Tablet should be used with caution in patients with liver disease. Dose adjustment of Amlojack 2.5mg Tablet may be needed. Please consult your doctor.<BR>Amlojack 2.5mg Tablet is started at a lower dose in patients with liver disease and further increased slowly with careful monitoring.
,liver,There is limited information available on the use of Appimet Syrup in patients with liver disease. Please consult your doctor.
,liver,There is limited information available on the use of Aceros MR 100mg/325mg/250mg Tablet in patients with liver disease. Please consult your doctor.
,liver,Amoxy A Forte Capsule should be used with caution in patients with liver disease. Dose adjustment of Amoxy A Forte Capsule may be needed. Please consult your doctor.<BR>Regular monitoring of liver function tests is recommended while you are taking this medicine
,liver,Adcef LB Tablet is probably safe to use in patients with liver disease. Limited data available suggests that dose adjustment of Adcef LB Tablet may not be needed in these patients. Please consult your  doctor.
,liver,"Avilox Suspension is probably safe to use in patients with liver disease. Limited data available suggests that dose adjustment of Avilox Suspension may not be needed in these patients. Please consult your  doctor.<BR>Inform your doctor if you develop any signs of jaundice like yellowing of eyes and skin, itching, and clay colored stools while taking this medicine."
,liver,Aktilor 5mg Tablet should be used with caution in patients with liver disease. Dose adjustment of Aktilor 5mg Tablet may be needed. Please consult your doctor.
,liver,No interaction found/established
,liver,Akticet L 5mg Tablet is safe to use in patients with liver disease. No dose adjustment of Akticet L 5mg Tablet is recommended.
,liver,Antec 150mg Tablet should be used with caution in patients with liver disease. Dose adjustment of Antec 150mg Tablet may be needed. Please consult your doctor.
,liver,Alrax 10mg Syrup should be used with caution in patients with liver disease. Dose adjustment of Alrax 10mg Syrup may be needed. Please consult your doctor.
,liver,Aknea 10 Softgel Capsule is probably unsafe to use in patients with liver disease and should be avoided. Please consult your doctor.
,liver,Atline 100mg Tablet should be used with caution in patients with liver disease. Dose adjustment of Atline 100mg Tablet may be needed. Please consult your doctor.<BR>Use of Atline 100mg Tablet is not recommended in patients with severe liver disease.
,liver,There is limited information available on the use of Asicryl 1000 mg/20 mg Suspension in patients with liver disease. Please consult your doctor.
,liver,Aggrifib Injection should be used with caution in patients with liver disease. Dose adjustment of Aggrifib Injection may be needed. Please consult your doctor.<BR>Use of Aggrifib Injection is not recommended in patients with severe liver disease.
,liver,Acephil 100mg Capsule should be used with caution in patients with liver disease. Dose adjustment of Acephil 100mg Capsule may be needed. Please consult your doctor.
,liver,"There is limited information available on the use of Actiderm 100mg Capsule in patients with liver disease. Please consult your doctor.<BR>Inform your doctor if you develop signs of jaundice like yellowing of eyes and skin, itching, and clay colored stools while taking this medicine."
,liver,Axeldox 100 Capsule should be used with caution in patients with liver disease. Dose adjustment of Axeldox 100 Capsule may be needed. Please consult your doctor.
,liver,Aksitram EF Effervescent Tablet should be used with caution in patients with liver disease. Dose adjustment of Aksitram EF Effervescent Tablet may be needed. Please consult your doctor.
,liver,Alpra 0.5mg Tablet should be used with caution in patients with liver disease. Dose adjustment of Alpra 0.5mg Tablet may be needed. Please consult your doctor.
,liver,"Acefen Forte 400mg/600mg Tablet should be used with caution in patients with liver disease. Dose adjustment of Acefen Forte 400mg/600mg Tablet may be needed. Please consult your doctor.<BR>However, the use of Acefen Forte 400mg/600mg Tablet is not recommended in patients with severe liver disease and active liver disease."
,,
,liver,Aclonec S 100mg/10mg Tablet should be used with caution in patients with liver disease. Dose adjustment of Aclonec S 100mg/10mg Tablet may be needed. Please consult your doctor.<BR>Use of Aclonec S 100mg/10mg Tablet is not recommended in patients with severe liver disease. Regular monitoring of liver function tests is advisable while the patient is taking this medicine.
,,
,liver,Arive 25mg Tablet should be used with caution in patients with liver disease. Dose adjustment of Arive 25mg Tablet may be needed. Please consult your doctor.
,liver,Alpro Forte Tablet should be used with caution in patients with liver disease. Dose adjustment of Alpro Forte Tablet may be needed. Please consult your doctor.<BR>Regular monitoring of blood pressure is advisable for dose adjustment.
,liver,Arexol P 30mg/4mg/500mg/5mg Tablet should be used with caution in patients with liver disease. Dose adjustment of Arexol P 30mg/4mg/500mg/5mg Tablet may be needed. Please consult your doctor.
,liver,AM Slim 120mg Capsule is probably safe to use in patients with liver disease. Limited data available suggests that dose adjustment of AM Slim 120mg Capsule may not be needed in these patients. Please consult your  doctor.
,liver,"Aclomac SP 100mg/325mg/10mg Tablet should be used with caution in patients with liver disease. Dose adjustment of Aclomac SP 100mg/325mg/10mg Tablet may be needed. Please consult your doctor.<BR>However, the use of Aclomac SP 100mg/325mg/10mg Tablet is not recommended in patients with severe liver disease and active liver disease."
,liver,Aelxim 100 Dry Syrup should be used with caution in patients with liver disease. Dose adjustment of Aelxim 100 Dry Syrup may be needed. Please consult your doctor.
,liver,No interaction found/established
,liver,Amoxy-DJ 250mg/250mg Capsule should be used with caution in patients with liver disease. Dose adjustment of Amoxy-DJ 250mg/250mg Capsule may be needed. Please consult your doctor.<BR>Regular monitoring of liver function tests is recommended while you are taking this medicine
,liver,Amvio TS Tablet should be used with caution in patients with liver disease. Dose adjustment of Amvio TS Tablet may be needed. Please consult your doctor.
,liver,There is limited information available on the use of Atecard 100mg Tablet in patients with liver disease. Please consult your doctor.
,liver,Alpraz 0.25mg Tablet should be used with caution in patients with liver disease. Dose adjustment of Alpraz 0.25mg Tablet may be needed. Please consult your doctor.
,liver,There is limited information available on the use of Acef LB 200mg/60Million spores Tablet in patients with liver disease. Please consult your doctor.
,liver,Acirex 5mg/2.5mg Tablet should be used with caution in patients with liver disease. Dose adjustment of Acirex 5mg/2.5mg Tablet may be needed. Please consult your doctor.
,liver,Alcibard Forte Tablet is probably safe to use in patients with liver disease. Limited data available suggests that dose adjustment of Alcibard Forte Tablet may not be needed in these patients. Please consult your  doctor.
,liver,Allcold GO Tablet is probably safe to use in patients with liver disease. Limited data available suggests that dose adjustment of Allcold GO Tablet may not be needed in these patients. Please consult your  doctor.
,liver,Azeloc 250mg Tablet should be used with caution in patients with liver disease. Dose adjustment of Azeloc 250mg Tablet may be needed. Please consult your doctor.
,liver,Atnol AM Tablet should be used with caution in patients with liver disease. Dose adjustment of Atnol AM Tablet may be needed. Please consult your doctor.<BR>Atnol AM Tablet is started at a lower dose in patients with liver disease and further increased slowly with careful monitoring.
,liver,"Apar SP 100mg/500mg/15mg Tablet should be used with caution in patients with liver disease. Dose adjustment of Apar SP 100mg/500mg/15mg Tablet may be needed. Please consult your doctor.<BR>However, the use of Apar SP 100mg/500mg/15mg Tablet is not recommended in patients with severe liver disease and active liver disease."
,liver,No interaction found/established
,liver,There is limited information available on the use of Asmide 50mg Capsule in patients with liver disease. Please consult your doctor.<BR>Use of Asmide 50mg Capsule is not recommended in patients with severe liver disease.
,liver,Azieg 250mg Tablet should be used with caution in patients with liver disease. Dose adjustment of Azieg 250mg Tablet may be needed. Please consult your doctor.
,liver,"Acloheal SP 100mg/325mg/10mg Tablet should be used with caution in patients with liver disease. Dose adjustment of Acloheal SP 100mg/325mg/10mg Tablet may be needed. Please consult your doctor.<BR>However, the use of Acloheal SP 100mg/325mg/10mg Tablet is not recommended in patients with severe liver disease and active liver disease."
,liver,Aviglen 5mg Tablet should be used with caution in patients with liver disease. Dose adjustment of Aviglen 5mg Tablet may be needed. Please consult your doctor.<BR>Use of Aviglen 5mg Tablet is not recommended in patients with severe liver disease. They can experience very low blood sugar levels while taking this medicine.
,liver,Axiglim M 1mg Tablet should be used with caution in patients with liver disease. Dose adjustment of Axiglim M 1mg Tablet may be needed. Please consult your doctor.<BR>Axiglim M 1mg Tablet is generally started with low dose in patients with mild to moderate liver disease and its use is not recommended in patients with severe liver disease.
,liver,Azenap 10 Tablet should be used with caution in patients with liver disease. Dose adjustment of Azenap 10 Tablet may be needed. Please consult your doctor.<BR>Use of Azenap 10 Tablet is not recommended in patients with severe liver disease.
,liver,Acimax 100mg Tablet should be used with caution in patients with liver disease. Dose adjustment of Acimax 100mg Tablet may be needed. Please consult your doctor.<BR>Use of Acimax 100mg Tablet is not recommended in patients with severe liver disease. Regular monitoring of liver function tests is advisable while the patient is taking this medicine.
,liver,Aceline-LM Tablet should be used with caution in patients with liver disease. Dose adjustment of Aceline-LM Tablet may be needed. Please consult your doctor.
,liver,Alercold-Plus Tablet should be used with caution in patients with liver disease. Dose adjustment of Alercold-Plus Tablet may be needed. Please consult your doctor.
,liver,Azifer 500mg Tablet should be used with caution in patients with liver disease. Dose adjustment of Azifer 500mg Tablet may be needed. Please consult your doctor.
,liver,Addpril 2.5 Tablet should be used with caution in patients with liver disease. Dose adjustment of Addpril 2.5 Tablet may be needed. Please consult your doctor.<BR>Inform your doctor if you develop any signs and symptoms of jaundice while taking this medicine.
,liver,Azofen T 200 mg/1 mg Tablet should be used with caution in patients with liver disease. Dose adjustment of Azofen T 200 mg/1 mg Tablet may be needed. Please consult your doctor.
,liver,Atorfine 20mg Tablet should be used with caution in patients with liver disease. Dose adjustment of Atorfine 20mg Tablet may be needed. Please consult your doctor.<BR>Use of Atorfine 20mg Tablet is not recommended in patients with severe liver disease and active liver disease.
,liver,"Acivas-SP Tablet should be used with caution in patients with liver disease. Dose adjustment of Acivas-SP Tablet may be needed. Please consult your doctor.<BR>However, the use of Acivas-SP Tablet is not recommended in patients with severe liver disease and active liver disease."
,liver,There is limited information available on the use of Acesoft-MR Tablet in patients with liver disease. Please consult your doctor.
,liver,Aryl MR Tablet should be used with caution in patients with liver disease. Dose adjustment of Aryl MR Tablet may be needed. Please consult your doctor.<BR>Use of Aryl MR Tablet is not recommended in patients with severe liver disease. Regular monitoring of liver function tests is advisable while the patient is taking this medicine.
,liver,Azion 250mg Tablet should be used with caution in patients with liver disease. Dose adjustment of Azion 250mg Tablet may be needed. Please consult your doctor.
,,
,liver,There is limited information available on the use of Agonyx-MR Tablet in patients with liver disease. Please consult your doctor.
,liver,Atorsyn 10mg Tablet should be used with caution in patients with liver disease. Dose adjustment of Atorsyn 10mg Tablet may be needed. Please consult your doctor.<BR>Use of Atorsyn 10mg Tablet is not recommended in patients with severe liver disease and active liver disease.
,liver,Alnacef 1000mg Injection should be used with caution in patients with severe liver disease. Dose adjustment of Alnacef 1000mg Injection may be needed. Please consult your doctor.<BR>Dose adjustment of Alnacef 1000mg Injection is not recommended in patients with mild to moderate liver disease.
,liver,"Aticus SP 100mg/325mg/15mg Tablet should be used with caution in patients with liver disease. Dose adjustment of Aticus SP 100mg/325mg/15mg Tablet may be needed. Please consult your doctor.<BR>However, the use of Aticus SP 100mg/325mg/15mg Tablet is not recommended in patients with severe liver disease and active liver disease."
,liver,Astal 10mg Tablet should be used with caution in patients with liver disease. Dose adjustment of Astal 10mg Tablet may be needed. Please consult your doctor.
,liver,There is limited information available on the use of Afen MR 100mg/325mg/250mg Tablet in patients with liver disease. Please consult your doctor.
,liver,Advadox 20mg Injection should be used with caution in patients with liver disease. Dose adjustment of Advadox 20mg Injection may be needed. Please consult your doctor.<BR>Use of Advadox 20mg Injection is not recommended in patients with severe liver disease.
,liver,Amibactin BD 500mg/600mg Tablet should be used with caution in patients with liver disease. Dose adjustment of Amibactin BD 500mg/600mg Tablet may be needed. Please consult your doctor.
,liver,Azin 250 Tablet should be used with caution in patients with liver disease. Dose adjustment of Azin 250 Tablet may be needed. Please consult your doctor.
,liver,Auctimet PG 2mg/500mg/15mg Tablet SR should be used with caution in patients with liver disease. Dose adjustment of Auctimet PG 2mg/500mg/15mg Tablet SR may be needed. Please consult your doctor.<BR>Use of Auctimet PG 2mg/500mg/15mg Tablet SR is not recommended in patients with severe liver disease.
,liver,Abeolin 100 Capsule should be used with caution in patients with liver disease. Dose adjustment of Abeolin 100 Capsule may be needed. Please consult your doctor.
,liver,Alencit Plus 500mg/800mg Tablet is probably safe to use in patients with liver disease. Limited data available suggests that dose adjustment of Alencit Plus 500mg/800mg Tablet may not be needed in these patients. Please consult your  doctor.
,liver,There is limited information available on the use of Ansac-MR 100mg/325mg/250mg Tablet in patients with liver disease. Please consult your doctor.
,liver,Alizol-IP 40mg/150mg Capsule SR is probably safe to use in patients with liver disease. Limited data available suggests that dose adjustment of Alizol-IP 40mg/150mg Capsule SR may not be needed in these patients. Please consult your  doctor.
,liver,There is limited information available on the use of Ampilox 125 mg/125 mg Injection in patients with liver disease. Please consult your doctor.
,liver,"Acetrio-SP Tablet should be used with caution in patients with liver disease. Dose adjustment of Acetrio-SP Tablet may be needed. Please consult your doctor.<BR>However, the use of Acetrio-SP Tablet is not recommended in patients with severe liver disease and active liver disease."
,liver,Affopride 1mg Tablet should be used with caution in patients with liver disease. Dose adjustment of Affopride 1mg Tablet may be needed. Please consult your doctor.<BR>Use of Affopride 1mg Tablet is not recommended in patients with severe liver disease. These patients can experience very low blood sugar levels which may become normal after a long time.
,liver,"Achenil Plus 100mg/500mg Tablet should be used with caution in patients with liver disease. Dose adjustment of Achenil Plus 100mg/500mg Tablet may be needed. Please consult your doctor.<BR>However, the use of Achenil Plus 100mg/500mg Tablet is not recommended in patients with severe liver disease and active liver disease."
,liver,Antagon 40mg Tablet should be used with caution in patients with severe liver disease. Dose adjustment of Antagon 40mg Tablet may be needed. Please consult your doctor.
,liver,Azinol 250mg Tablet should be used with caution in patients with liver disease. Dose adjustment of Azinol 250mg Tablet may be needed. Please consult your doctor.
,liver,Apex Plus 0.25mg/20mg Tablet should be used with caution in patients with liver disease. Dose adjustment of Apex Plus 0.25mg/20mg Tablet may be needed. Please consult your doctor.<BR>Regular monitoring of blood pressure is advisable for dose adjustment.
,liver,Ase Plus 50mg/10mg Tablet should be used with caution in patients with liver disease. Dose adjustment of Ase Plus 50mg/10mg Tablet may be needed. Please consult your doctor.<BR>Regular monitoring of liver function tests is recommended in patients with liver disease if this medicine is to be taken for a long time.
,liver,Ataxy 10 Tablet should be used with caution in patients with liver disease. Dose adjustment of Ataxy 10 Tablet may be needed. Please consult your doctor.
,liver,Alernex 30mg Tablet DT is probably safe to use in patients with liver disease. Limited data available suggests that dose adjustment of Alernex 30mg Tablet DT may not be needed in these patients. Please consult your  doctor.
,liver,There is limited information available on the use of Ambigesic MR Tablet in patients with liver disease. Please consult your doctor.
,liver,"Albetop-Plus Tablet should be used with caution in patients with liver disease. Dose adjustment of Albetop-Plus Tablet may be needed. Please consult your doctor.<BR>Inform your doctor if you develop signs of jaundice like yellowing of eyes and skin, itching, and clay colored stools while taking this medicine."
,liver,"Alvoflam-P Tablet should be used with caution in patients with liver disease. Dose adjustment of Alvoflam-P Tablet may be needed. Please consult your doctor.<BR>However, the use of Alvoflam-P Tablet is not recommended in patients with severe liver disease and active liver disease."
,liver,There is limited information available on the use of Axikool O Suspension in patients with liver disease. Please consult your doctor.
,liver,Afymox Clav Tablet should be used with caution in patients with liver disease. Dose adjustment of Afymox Clav Tablet may be needed. Please consult your doctor.<BR>Regular monitoring of liver function tests is recommended while you are taking this medicine
,liver,Acort 10mg Injection should be used with caution in patients with liver disease. Dose adjustment of Acort 10mg Injection may be needed. Please consult your doctor.
,liver,"Ac2 100mg/500mg Tablet should be used with caution in patients with liver disease. Dose adjustment of Ac2 100mg/500mg Tablet may be needed. Please consult your doctor.<BR>However, the use of Ac2 100mg/500mg Tablet is not recommended in patients with severe liver disease and active liver disease."
,liver,Arpidon 15mg Tablet is probably safe to use in patients with liver disease. Limited data available suggests that dose adjustment of Arpidon 15mg Tablet may not be needed in these patients. Please consult your  doctor.
,liver,Azovis 250 Tablet should be used with caution in patients with liver disease. Dose adjustment of Azovis 250 Tablet may be needed. Please consult your doctor.
,liver,Amipic 250mg Injection is probably safe to use in patients with liver disease. Limited data available suggests that dose adjustment of Amipic 250mg Injection may not be needed in these patients. Please consult your  doctor.
,liver,"Acefe-P Tablet should be used with caution in patients with liver disease. Dose adjustment of Acefe-P Tablet may be needed. Please consult your doctor.<BR>However, the use of Acefe-P Tablet is not recommended in patients with severe liver disease and active liver disease."
,liver,Avinor TZ 400mg/600mg Tablet is probably safe to use in patients with liver disease. Limited data available suggests that dose adjustment of Avinor TZ 400mg/600mg Tablet may not be needed in these patients. Please consult your  doctor.
,liver,Allery-A Tablet is safe to use in patients with liver disease. No dose adjustment of Allery-A Tablet is recommended.
,liver,Apz 0.5mg Tablet should be used with caution in patients with liver disease. Dose adjustment of Apz 0.5mg Tablet may be needed. Please consult your doctor.
,liver,Avespas Injection should be used with caution in patients with liver disease. Dose adjustment of Avespas Injection may be needed. Please consult your doctor.<BR>Regular monitoring of liver function tests is recommended in patients with liver disease if this medicine is to be taken for a long time.
,,
,liver,There is limited information available on the use of Acupressin 1mg Injection in patients with liver disease. Please consult your doctor.
,liver,Axipan DM 10mg/40mg Tablet is probably safe to use in patients with liver disease. Limited data available suggests that dose adjustment of Axipan DM 10mg/40mg Tablet may not be needed in these patients. Please consult your  doctor.
,liver,There is limited information available on the use of Aronate 60mg Injection in patients with liver disease. Please consult your doctor.
,liver,Arcmont LC 5mg/10mg Tablet should be used with caution in patients with severe liver disease. Dose adjustment of Arcmont LC 5mg/10mg Tablet may be needed. Please consult your doctor.<BR>Limited information is available on the use of Arcmont LC 5mg/10mg Tablet in these patients. No dose adjustment is recommended in patients with mild to moderate liver disease.
,liver,Afcort 6mg Tablet is safe to use in patients with liver disease. No dose adjustment of Afcort 6mg Tablet is recommended.
,liver,Azystate 250mg Tablet should be used with caution in patients with liver disease. Dose adjustment of Azystate 250mg Tablet may be needed. Please consult your doctor.
,liver,Alefex 120mg Tablet is probably safe to use in patients with liver disease. Limited data available suggests that dose adjustment of Alefex 120mg Tablet may not be needed in these patients. Please consult your  doctor.
,liver,Azegud 500mg Tablet should be used with caution in patients with liver disease. Dose adjustment of Azegud 500mg Tablet may be needed. Please consult your doctor.
,liver,Atsan 20mg Tablet should be used with caution in patients with liver disease. Dose adjustment of Atsan 20mg Tablet may be needed. Please consult your doctor.<BR>Use of Atsan 20mg Tablet is not recommended in patients with severe liver disease and active liver disease.
,liver,There is limited information available on the use of Aarcid Syrup in patients with liver disease. Please consult your doctor.
,liver,Axopan D 10mg/40mg Tablet is probably safe to use in patients with liver disease. Limited data available suggests that dose adjustment of Axopan D 10mg/40mg Tablet may not be needed in these patients. Please consult your  doctor.
,liver,Ameek 500mg Injection is probably safe to use in patients with liver disease. Limited data available suggests that dose adjustment of Ameek 500mg Injection may not be needed in these patients. Please consult your  doctor.
,liver,Acelab-TH Tablet should be used with caution in patients with liver disease. Dose adjustment of Acelab-TH Tablet may be needed. Please consult your doctor.<BR>Use of Acelab-TH Tablet is not recommended in patients with severe liver disease. Regular monitoring of liver function tests is advisable while the patient is taking this medicine.
,liver,Acnisil 20mg Tablet is probably unsafe to use in patients with liver disease and should be avoided. Please consult your doctor.
,liver,Arzepam 2mg Tablet should be used with caution in patients with liver disease. Dose adjustment of Arzepam 2mg Tablet may be needed. Please consult your doctor.
,liver,Axitrix 250mg Injection should be used with caution in patients with severe liver disease. Dose adjustment of Axitrix 250mg Injection may be needed. Please consult your doctor.<BR>Dose adjustment of Axitrix 250mg Injection is not recommended in patients with mild to moderate liver disease.
,liver,Alpraday 0.25mg Tablet should be used with caution in patients with liver disease. Dose adjustment of Alpraday 0.25mg Tablet may be needed. Please consult your doctor.
,liver,Amfenac 200mg Tablet SR should be used with caution in patients with liver disease. Dose adjustment of Amfenac 200mg Tablet SR may be needed. Please consult your doctor.<BR>Use of Amfenac 200mg Tablet SR is not recommended in patients with severe liver disease. Regular monitoring of liver function tests is advisable while the patient is taking this medicine.
,liver,There is limited information available on the use of Afcid Oral Suspension Strawberry in patients with liver disease. Please consult your doctor.
,liver,There is limited information available on the use of Andoset-MD Tablet in patients with liver disease. Please consult your doctor.
,liver,Abrizol L 75mg/20mg Capsule should be used with caution in patients with severe liver disease. Dose adjustment of Abrizol L 75mg/20mg Capsule may be needed. Please consult your doctor.
,liver,Arolexim 500mg Capsule should be used with caution in patients with liver disease. Dose adjustment of Arolexim 500mg Capsule may be needed. Please consult your doctor.
,liver,"There is limited information available on the use of Acquire 250mg Tablet in patients with liver disease. Please consult your doctor.<BR>However, stop the medicine and inform your doctor if you develop any signs and symptoms of jaundice while taking this medicine."
,liver,Azitime 500 Tablet should be used with caution in patients with liver disease. Dose adjustment of Azitime 500 Tablet may be needed. Please consult your doctor.
,liver,Abixim-AZ Tablet should be used with caution in patients with liver disease. Dose adjustment of Abixim-AZ Tablet may be needed. Please consult your doctor.
,,
,liver,"Anlof TC 100mg/325mg Tablet should be used with caution in patients with liver disease. Dose adjustment of Anlof TC 100mg/325mg Tablet may be needed. Please consult your doctor.<BR>However, the use of Anlof TC 100mg/325mg Tablet is not recommended in patients with severe liver disease and active liver disease."
,liver,Aridac 25mg Injection should be used with caution in patients with liver disease. Dose adjustment of Aridac 25mg Injection may be needed. Please consult your doctor.
,liver,Axiom OR 15mg Dry Syrup should be used with caution in patients with liver disease. Dose adjustment of Axiom OR 15mg Dry Syrup may be needed. Please consult your doctor.
,liver,There is limited information available on the use of Avizone S 1000mg/500mg Injection in patients with liver disease. Please consult your doctor.
,liver,Atpure SA 2.5mg/25mg Tablet should be used with caution in patients with liver disease. Dose adjustment of Atpure SA 2.5mg/25mg Tablet may be needed. Please consult your doctor.<BR>Atpure SA 2.5mg/25mg Tablet is started at a lower dose in patients with liver disease and further increased slowly with careful monitoring.
,,
,liver,Abijem 20mg Injection should be used with caution in patients with severe liver disease. Dose adjustment of Abijem 20mg Injection may be needed. Please consult your doctor.
,liver,Azinip 250mg Tablet should be used with caution in patients with liver disease. Dose adjustment of Azinip 250mg Tablet may be needed. Please consult your doctor.
,liver,Acenez 150mg Injection should be used with caution in patients with liver disease. Dose adjustment of Acenez 150mg Injection may be needed. Please consult your doctor.<BR>Use of Acenez 150mg Injection is not recommended in patients with severe liver disease. Regular monitoring of liver function tests is advisable while the patient is taking this medicine.
,liver,Anglonor TZ 400 mg/600 mg Tablet is probably safe to use in patients with liver disease. Limited data available suggests that dose adjustment of Anglonor TZ 400 mg/600 mg Tablet may not be needed in these patients. Please consult your  doctor.
,liver,There is limited information available on the use of Arthobit 60mg Injection in patients with liver disease. Please consult your doctor.
,,
,liver,There is limited information available on the use of Acef LB 100mg Tablet in patients with liver disease. Please consult your doctor.
,liver,There is limited information available on the use of Altomail 75mg Injection in patients with liver disease. Please consult your doctor.
,liver,There is limited information available on the use of Audon 2mg Oral Solution in patients with liver disease. Please consult your doctor.
,liver,Aceleaf TH 100mg/4mg Tablet should be used with caution in patients with liver disease. Dose adjustment of Aceleaf TH 100mg/4mg Tablet may be needed. Please consult your doctor.<BR>Use of Aceleaf TH 100mg/4mg Tablet is not recommended in patients with severe liver disease. Regular monitoring of liver function tests is advisable while the patient is taking this medicine.
,liver,Azux 500mg Injection should be used with caution in patients with liver disease. Dose adjustment of Azux 500mg Injection may be needed. Please consult your doctor.
,,
,liver,Ara TH 100mg/4mg Tablet should be used with caution in patients with liver disease. Dose adjustment of Ara TH 100mg/4mg Tablet may be needed. Please consult your doctor.<BR>Use of Ara TH 100mg/4mg Tablet is not recommended in patients with severe liver disease. Regular monitoring of liver function tests is advisable while the patient is taking this medicine.
,liver,Anikuf AX Syrup should be used with caution in patients with liver disease. Dose adjustment of Anikuf AX Syrup may be needed. Please consult your doctor.<BR>Limited information is available on the use of Anikuf AX Syrup in these patients.
,liver,Brilinta 60mg Tablet should be used with caution in patients with liver disease. Dose adjustment of Brilinta 60mg Tablet may be needed. Please consult your doctor.<BR>Use of Brilinta 60mg Tablet is not recommended in patients with severe liver disease.
,liver,There is limited information available on the use of Bzon Forte 1mg Tablet in patients with liver disease. Please consult your doctor.
,liver,There is limited information available on the use of Betawin Forte 0.5mg Tablet in patients with liver disease. Please consult your doctor.
,liver,Bromex Kid Syrup should be used with caution in patients with severe liver disease. Dose adjustment of Bromex Kid Syrup may be needed. Please consult your doctor.<BR>Limited information is available on the use of Bromex Kid Syrup in patients with liver disease.
,liver,Buprigesic 0.3mg Injection should be used with caution in patients with liver disease. Dose adjustment of Buprigesic 0.3mg Injection may be needed. Please consult your doctor.<BR>Use of Buprigesic 0.3mg Injection is not recommended in patients with serious liver disease.
,liver,Buprocare 0.2mg Tablet should be used with caution in patients with liver disease. Dose adjustment of Buprocare 0.2mg Tablet may be needed. Please consult your doctor.<BR>Use of Buprocare 0.2mg Tablet is not recommended in patients with serious liver disease.
,liver,Bivamax 250mg Injection is probably safe to use in patients with liver disease. Limited data available suggests that dose adjustment of Bivamax 250mg Injection may not be needed in these patients. Please consult your  doctor.
,liver,Biodebol 50mg Injection should be used with caution in patients with liver disease. Dose adjustment of Biodebol 50mg Injection may be needed. Please consult your doctor.
,liver,Daophage GP2 Tablet ER should be used with caution in patients with liver disease. Dose adjustment of Daophage GP2 Tablet ER may be needed. Please consult your doctor.<BR>Use of Daophage GP2 Tablet ER is not recommended in patients with severe liver disease.
,liver,Dukinase 50000IU Injection should be used with caution in patients with liver disease. Dose adjustment of Dukinase 50000IU Injection may be needed. Please consult your doctor.
,liver,Duomox 500 mg/125 mg Tablet should be used with caution in patients with liver disease. Dose adjustment of Duomox 500 mg/125 mg Tablet may be needed. Please consult your doctor.<BR>Regular monitoring of liver function tests is recommended while you are taking this medicine
,liver,Dbgron 75 Capsule should be used with caution in patients with liver disease. Dose adjustment of Dbgron 75 Capsule may be needed. Please consult your doctor.
,liver,There is limited information available on the use of Dicamol Plus Tablet in patients with liver disease. Please consult your doctor.
,liver,Defset 6mg Tablet is safe to use in patients with liver disease. No dose adjustment of Defset 6mg Tablet is recommended.
,liver,Donep Syrup should be used with caution in patients with liver disease. Dose adjustment of Donep Syrup may be needed. Please consult your doctor.
,liver,Dospin 150 mg/75 mg Tablet should be used with caution in patients with liver disease. Dose adjustment of Dospin 150 mg/75 mg Tablet may be needed. Please consult your doctor.<BR>Use of Dospin 150 mg/75 mg Tablet is not recommended in patients with severe liver disease.
,liver,Desonex M 5mg/10mg Tablet should be used with caution in patients with liver disease. Dose adjustment of Desonex M 5mg/10mg Tablet may be needed. Please consult your doctor.
,liver,Daventyl-Plus 100 Tablet should be used with caution in patients with liver disease. Dose adjustment of Daventyl-Plus 100 Tablet may be needed. Please consult your doctor.<BR>Inform your doctor if you develop any signs and symptoms of jaundice while taking this medicine. Use of Daventyl-Plus 100 Tablet is not recommended in patients with severe liver disease.
,liver,Diocerin gm Tablet is probably unsafe to use in patients with liver disease and should be avoided. Please consult your doctor.
,liver,Dupent-DSR Capsule is probably safe to use in patients with liver disease. Limited data available suggests that dose adjustment of Dupent-DSR Capsule may not be needed in these patients. Please consult your  doctor.
,liver,There is limited information available on the use of Dolozen 10mg Tablet in patients with liver disease. Please consult your doctor.
,liver,No interaction found/established
,liver,Dysliptin C 10mg/75mg Tablet should be used with caution in patients with liver disease. Dose adjustment of Dysliptin C 10mg/75mg Tablet may be needed. Please consult your doctor.<BR>Use of Dysliptin C 10mg/75mg Tablet is not recommended in patients with severe liver disease and active liver disease.
,liver,No interaction found/established
,liver,DAONIL 2.5 MG TABLET should be used with caution in patients with liver disease. Dose adjustment of DAONIL 2.5 MG TABLET may be needed. Please consult your doctor.<BR>Use of DAONIL 2.5 MG TABLET is not recommended in patients with severe liver disease. They can experience very low blood sugar levels while taking this medicine.
,liver,No interaction found/established
,liver,Delma 6mg Tablet is safe to use in patients with liver disease. No dose adjustment of Delma 6mg Tablet is recommended.
,liver,D Fax Plus 100mg/0.5mg Tablet should be used with caution in patients with liver disease. Dose adjustment of D Fax Plus 100mg/0.5mg Tablet may be needed. Please consult your doctor.
,liver,Delior Nano Oral Solution Sugar Free is probably safe to use in patients with liver disease. Limited data available suggests that dose adjustment of Delior Nano Oral Solution Sugar Free may not be needed in these patients. Please consult your  doctor.
,liver,Depwell 0.25mg/20mg Tablet should be used with caution in patients with liver disease. Dose adjustment of Depwell 0.25mg/20mg Tablet may be needed. Please consult your doctor.
,liver,"Diomine 20 mg/500 mg Tablet should be used with caution in patients with liver disease. Dose adjustment of Diomine 20 mg/500 mg Tablet may be needed. Please consult your doctor.<BR>However, the use of Diomine 20 mg/500 mg Tablet is not recommended in patients with severe liver disease and active liver disease."
,liver,Dafadros-LS Tablet is probably unsafe to use in patients with liver disease and should be avoided. Please consult your doctor.
,liver,Doxacin OZ 200 mg/500 mg Tablet should be used with caution in patients with liver disease. Dose adjustment of Doxacin OZ 200 mg/500 mg Tablet may be needed. Please consult your doctor.
,liver,Divaltec 250mg Tablet ER is probably unsafe to use in patients with liver disease and should be avoided. Please consult your doctor.
,liver,DavaIndia Azithromycin 250mg Tablet should be used with caution in patients with liver disease. Dose adjustment of DavaIndia Azithromycin 250mg Tablet may be needed. Please consult your doctor.
,liver,DavaIndia Glimepiride 2mg Tablet should be used with caution in patients with liver disease. Dose adjustment of DavaIndia Glimepiride 2mg Tablet may be needed. Please consult your doctor.<BR>Use of DavaIndia Glimepiride 2mg Tablet is not recommended in patients with severe liver disease. These patients can experience very low blood sugar levels which may become normal after a long time.
,liver,Debrox Syrup is probably unsafe to use in patients with liver disease and should be avoided. Please consult your doctor.
,liver,Derox 150mg Tablet should be used with caution in patients with liver disease. Dose adjustment of Derox 150mg Tablet may be needed. Please consult your doctor.
,liver,Defenac 100mg Tablet SR should be used with caution in patients with liver disease. Dose adjustment of Defenac 100mg Tablet SR may be needed. Please consult your doctor.<BR>Regular monitoring of liver function tests is recommended in patients with liver disease if this medicine is to be taken for a long time.
,,
,liver,"Diclopex Plus 50mg/325mg Tablet should be used with caution in patients with liver disease. Dose adjustment of Diclopex Plus 50mg/325mg Tablet may be needed. Please consult your doctor.<BR>However, the use of Diclopex Plus 50mg/325mg Tablet is not recommended in patients with severe liver disease and active liver disease."
,liver,DavaIndia Nicorandil 10mg Tablet ER is probably safe to use in patients with liver disease. Limited data available suggests that dose adjustment of DavaIndia Nicorandil 10mg Tablet ER may not be needed in these patients. Please consult your  doctor.
,liver,Dovy-A Tablet should be used with caution in patients with liver disease. Dose adjustment of Dovy-A Tablet may be needed. Please consult your doctor.<BR>Use of Dovy-A Tablet is not recommended in patients with severe liver disease. Regular monitoring of liver function tests is advisable while the patient is taking this medicine.
,liver,Delexit-N Tablet should be used with caution in patients with liver disease. Dose adjustment of Delexit-N Tablet may be needed. Please consult your doctor.<BR>Inform your doctor if you develop any signs and symptoms of jaundice while taking this medicine. Use of Delexit-N Tablet is not recommended in patients with severe liver disease.
,liver,Dextrom Syrup is probably unsafe to use in patients with liver disease and should be avoided. Please consult your doctor.
,liver,Daczim-OF Tablet should be used with caution in patients with liver disease. Dose adjustment of Daczim-OF Tablet may be needed. Please consult your doctor.
,liver,Doncorate 250mg Tablet ER is probably unsafe to use in patients with liver disease and should be avoided. Please consult your doctor.<BR>Use of Doncorate 250mg Tablet ER is not recommended in patients with severe liver disease and active liver disease.
,liver,D.D.Pramine 10mg Tablet should be used with caution in patients with liver disease. Dose adjustment of D.D.Pramine 10mg Tablet may be needed. Please consult your doctor.<BR>Regular monitoring of liver function tests is advisable when you are taking this medicine.
,liver,"Dolotus P Tablet should be used with caution in patients with liver disease. Dose adjustment of Dolotus P Tablet may be needed. Please consult your doctor.<BR>However, the use of Dolotus P Tablet is not recommended in patients with severe liver disease and active liver disease."
,liver,"DPS 2 Tablet should be used with caution in patients with liver disease. Dose adjustment of DPS 2 Tablet may be needed. Please consult your doctor.<BR>However, the use of DPS 2 Tablet is not recommended in patients with severe liver disease and active liver disease."
,liver,Duzine 0.5mg Tablet should be used with caution in patients with liver disease. Dose adjustment of Duzine 0.5mg Tablet may be needed. Please consult your doctor.<BR>Use of Duzine 0.5mg Tablet is not recommended in patients with severe liver disease.
,liver,Diafer Forte Tablet ER should be used with caution in patients with liver disease. Dose adjustment of Diafer Forte Tablet ER may be needed. Please consult your doctor.<BR>Diafer Forte Tablet ER is generally started with low dose in patients with mild to moderate liver disease and its use is not recommended in patients with severe liver disease.
,liver,Doxipreg 10mg/10mg Tablet is probably safe to use in patients with liver disease. Limited data available suggests that dose adjustment of Doxipreg 10mg/10mg Tablet may not be needed in these patients. Please consult your  doctor.
,liver,Domicid 10 mg/20 mg Capsule should be used with caution in patients with liver disease. Dose adjustment of Domicid 10 mg/20 mg Capsule may be needed. Please consult your doctor.<BR>Use of Domicid 10 mg/20 mg Capsule is not recommended in patients with moderate and severe liver disease.
,liver,Duotop 20mg/1.5mg Tablet is probably unsafe to use in patients with liver disease and should be avoided. Please consult your doctor.
,liver,Delicita Tablet should be used with caution in patients with liver disease. Dose adjustment of Delicita Tablet may be needed. Please consult your doctor.
,liver,No interaction found/established
,liver,There is limited information available on the use of Drasol 40mg Injection in patients with liver disease. Please consult your doctor.
,liver,Dexcoff Syrup is probably unsafe to use in patients with liver disease and should be avoided. Please consult your doctor.
,liver,Dior 500mg Tablet should be used with caution in patients with liver disease. Dose adjustment of Dior 500mg Tablet may be needed. Please consult your doctor.<BR>Dior 500mg Tablet is generally started with low dose in patients with mild to moderate liver disease and its use is not recommended in patients with severe liver disease.
,liver,There is limited information available on the use of Doser 10mg Tablet in patients with liver disease. Please consult your doctor.
,liver,No interaction found/established
,liver,DavaIndia Aspirin+Rosuvastatin+Clopidogrel 150mg/10mg/75mg Capsule should be used with caution in patients with liver disease. Dose adjustment of DavaIndia Aspirin+Rosuvastatin+Clopidogrel 150mg/10mg/75mg Capsule may be needed. Please consult your doctor.<BR>Use of DavaIndia Aspirin+Rosuvastatin+Clopidogrel 150mg/10mg/75mg Capsule is not recommended in patients with severe liver disease and active liver disease.
,liver,Doxic 10mg/10mg/2.5mg Tablet is probably safe to use in patients with liver disease. Limited data available suggests that dose adjustment of Doxic 10mg/10mg/2.5mg Tablet may not be needed in these patients. Please consult your  doctor.
,,
,liver,Disocef O 200mg/200mg Tablet should be used with caution in patients with liver disease. Dose adjustment of Disocef O 200mg/200mg Tablet may be needed. Please consult your doctor.
,liver,There is limited information available on the use of Domeco 1500 Injection in patients with liver disease. Please consult your doctor.
,liver,Duke Soft Gelatin Capsule is probably safe to use in patients with liver disease. Limited data available suggests that dose adjustment of Duke Soft Gelatin Capsule may not be needed in these patients. Please consult your  doctor.
,liver,There is limited information available on the use of Dactino 0.5mg Injection in patients with liver disease. Please consult your doctor.
,liver,Drmet G Drmet G2 Tablet SR should be used with caution in patients with liver disease. Dose adjustment of Drmet G Drmet G2 Tablet SR may be needed. Please consult your doctor.<BR>Drmet G Drmet G2 Tablet SR is generally started with low dose in patients with mild to moderate liver disease and its use is not recommended in patients with severe liver disease.
,liver,There is limited information available on the use of Domar OX Suspension in patients with liver disease. Please consult your doctor.
,liver,Doner Capsule should be used with caution in patients with liver disease. Dose adjustment of Doner Capsule may be needed. Please consult your doctor.<BR>Use of Doner Capsule is not recommended in patients with moderate and severe liver disease.
,,
,liver,Decdron 25mg Injection should be used with caution in patients with liver disease. Dose adjustment of Decdron 25mg Injection may be needed. Please consult your doctor.
,liver,Densera-D Tablet should be used with caution in patients with liver disease. Dose adjustment of Densera-D Tablet may be needed. Please consult your doctor.<BR>Regular monitoring of liver function tests is recommended in patients with liver disease if this medicine is to be taken for a long time.
,liver,Dutofeb 40mg Tablet should be used with caution in patients with severe liver disease. Dose adjustment of Dutofeb 40mg Tablet may be needed. Please consult your doctor.<BR>Limited information is available regarding the use of Dutofeb 40mg Tablet in these patients.
,liver,Doxyrin 100mg Tablet is safe to use in patients with liver disease. No dose adjustment of Doxyrin 100mg Tablet is recommended.
,liver,Dicon 50mg Capsule is probably unsafe to use in patients with liver disease and should be avoided. Please consult your doctor.
,liver,Decofed X Syrup should be used with caution in patients with liver disease. Dose adjustment of Decofed X Syrup may be needed. Please consult your doctor.<BR>Limited information is available on the use of Decofed X Syrup in these patients.
,liver,Dicolin 50mg Injection should be used with caution in patients with liver disease. Dose adjustment of Dicolin 50mg Injection may be needed. Please consult your doctor.
,liver,Desloriv 5mg Tablet should be used with caution in patients with liver disease. Dose adjustment of Desloriv 5mg Tablet may be needed. Please consult your doctor.
,liver,No interaction found/established
,liver,Dilocus LS Syrup should be used with caution in patients with liver disease. Dose adjustment of Dilocus LS Syrup may be needed. Please consult your doctor.<BR>Limited information is available on the use of Dilocus LS Syrup in these patients.
,liver,Defender 1gm/0.2gm Injection should be used with caution in patients with liver disease. Dose adjustment of Defender 1gm/0.2gm Injection may be needed. Please consult your doctor.<BR>Regular monitoring of liver function tests is recommended while you are taking this medicine
,liver,Ditocet 5mg Tablet is safe to use in patients with liver disease. No dose adjustment of Ditocet 5mg Tablet is recommended.
,,
,liver,Dare 500mg Tablet should be used with caution in patients with liver disease. Dose adjustment of Dare 500mg Tablet may be needed. Please consult your doctor.
,liver,Dyazide 250mg Injection is probably unsafe to use in patients with liver disease and should be avoided. Please consult your doctor.
,liver,Dexcol AX Syrup should be used with caution in patients with liver disease. Dose adjustment of Dexcol AX Syrup may be needed. Please consult your doctor.<BR>Limited information is available on the use of Dexcol AX Syrup in these patients.
